model,model_type,calibration_method,train_seasons,test_seasons,feature_set,prediction_context_mode,n_features,features,train_rows,test_rows,accuracy,roc_auc,brier_score,log_loss,precision,recall,f1,expected_calibration_error,bin_index,bin_lower,bin_upper,bin_count,mean_predicted_probability,observed_win_rate,calibration_gap
Extra Trees,Extra Trees,isotonic,"2015-16,2016-17,2017-18,2018-19,2019-20,2020-21,2021-22,2022-23","2023-24,2024-25",baseline_plus_corrected_signs,Current Hypothetical,11,"OFF_RATING_DIFF,DEF_RATING_DIFF,NET_RATING_DIFF,W_PCT_DIFF,PLUS_MINUS_DIFF,PACE_DIFF,home_team_A,clipped_home_win_pct_diff,clipped_away_win_pct_diff,seed_difference,higher_seed_A",668,166,0.6385542168674698,0.6645421245421246,0.2278422083862052,0.6475307558586187,0.6703296703296703,0.6703296703296703,0.6703296703296703,0.07588288289813881,1,0.0,0.1,0,,,
Extra Trees,Extra Trees,isotonic,"2015-16,2016-17,2017-18,2018-19,2019-20,2020-21,2021-22,2022-23","2023-24,2024-25",baseline_plus_corrected_signs,Current Hypothetical,11,"OFF_RATING_DIFF,DEF_RATING_DIFF,NET_RATING_DIFF,W_PCT_DIFF,PLUS_MINUS_DIFF,PACE_DIFF,home_team_A,clipped_home_win_pct_diff,clipped_away_win_pct_diff,seed_difference,higher_seed_A",668,166,0.6385542168674698,0.6645421245421246,0.2278422083862052,0.6475307558586187,0.6703296703296703,0.6703296703296703,0.6703296703296703,0.07588288289813881,2,0.1,0.2,0,,,
Extra Trees,Extra Trees,isotonic,"2015-16,2016-17,2017-18,2018-19,2019-20,2020-21,2021-22,2022-23","2023-24,2024-25",baseline_plus_corrected_signs,Current Hypothetical,11,"OFF_RATING_DIFF,DEF_RATING_DIFF,NET_RATING_DIFF,W_PCT_DIFF,PLUS_MINUS_DIFF,PACE_DIFF,home_team_A,clipped_home_win_pct_diff,clipped_away_win_pct_diff,seed_difference,higher_seed_A",668,166,0.6385542168674698,0.6645421245421246,0.2278422083862052,0.6475307558586187,0.6703296703296703,0.6703296703296703,0.6703296703296703,0.07588288289813881,3,0.2,0.30000000000000004,0,,,
Extra Trees,Extra Trees,isotonic,"2015-16,2016-17,2017-18,2018-19,2019-20,2020-21,2021-22,2022-23","2023-24,2024-25",baseline_plus_corrected_signs,Current Hypothetical,11,"OFF_RATING_DIFF,DEF_RATING_DIFF,NET_RATING_DIFF,W_PCT_DIFF,PLUS_MINUS_DIFF,PACE_DIFF,home_team_A,clipped_home_win_pct_diff,clipped_away_win_pct_diff,seed_difference,higher_seed_A",668,166,0.6385542168674698,0.6645421245421246,0.2278422083862052,0.6475307558586187,0.6703296703296703,0.6703296703296703,0.6703296703296703,0.07588288289813881,4,0.30000000000000004,0.4,18,0.3699234451272014,0.5,0.13007655487279862
Extra Trees,Extra Trees,isotonic,"2015-16,2016-17,2017-18,2018-19,2019-20,2020-21,2021-22,2022-23","2023-24,2024-25",baseline_plus_corrected_signs,Current Hypothetical,11,"OFF_RATING_DIFF,DEF_RATING_DIFF,NET_RATING_DIFF,W_PCT_DIFF,PLUS_MINUS_DIFF,PACE_DIFF,home_team_A,clipped_home_win_pct_diff,clipped_away_win_pct_diff,seed_difference,higher_seed_A",668,166,0.6385542168674698,0.6645421245421246,0.2278422083862052,0.6475307558586187,0.6703296703296703,0.6703296703296703,0.6703296703296703,0.07588288289813881,5,0.4,0.5,57,0.4523160602797755,0.3684210526315789,0.08389500764819657
Extra Trees,Extra Trees,isotonic,"2015-16,2016-17,2017-18,2018-19,2019-20,2020-21,2021-22,2022-23","2023-24,2024-25",baseline_plus_corrected_signs,Current Hypothetical,11,"OFF_RATING_DIFF,DEF_RATING_DIFF,NET_RATING_DIFF,W_PCT_DIFF,PLUS_MINUS_DIFF,PACE_DIFF,home_team_A,clipped_home_win_pct_diff,clipped_away_win_pct_diff,seed_difference,higher_seed_A",668,166,0.6385542168674698,0.6645421245421246,0.2278422083862052,0.6475307558586187,0.6703296703296703,0.6703296703296703,0.6703296703296703,0.07588288289813881,6,0.5,0.6000000000000001,8,0.5441884683025717,0.375,0.16918846830257173
Extra Trees,Extra Trees,isotonic,"2015-16,2016-17,2017-18,2018-19,2019-20,2020-21,2021-22,2022-23","2023-24,2024-25",baseline_plus_corrected_signs,Current Hypothetical,11,"OFF_RATING_DIFF,DEF_RATING_DIFF,NET_RATING_DIFF,W_PCT_DIFF,PLUS_MINUS_DIFF,PACE_DIFF,home_team_A,clipped_home_win_pct_diff,clipped_away_win_pct_diff,seed_difference,higher_seed_A",668,166,0.6385542168674698,0.6645421245421246,0.2278422083862052,0.6475307558586187,0.6703296703296703,0.6703296703296703,0.6703296703296703,0.07588288289813881,7,0.6000000000000001,0.7000000000000001,54,0.6791545529397192,0.6481481481481481,0.03100640479157102
Extra Trees,Extra Trees,isotonic,"2015-16,2016-17,2017-18,2018-19,2019-20,2020-21,2021-22,2022-23","2023-24,2024-25",baseline_plus_corrected_signs,Current Hypothetical,11,"OFF_RATING_DIFF,DEF_RATING_DIFF,NET_RATING_DIFF,W_PCT_DIFF,PLUS_MINUS_DIFF,PACE_DIFF,home_team_A,clipped_home_win_pct_diff,clipped_away_win_pct_diff,seed_difference,higher_seed_A",668,166,0.6385542168674698,0.6645421245421246,0.2278422083862052,0.6475307558586187,0.6703296703296703,0.6703296703296703,0.6703296703296703,0.07588288289813881,8,0.7000000000000001,0.8,29,0.708782360956274,0.7931034482758621,0.0843210873195881
Extra Trees,Extra Trees,isotonic,"2015-16,2016-17,2017-18,2018-19,2019-20,2020-21,2021-22,2022-23","2023-24,2024-25",baseline_plus_corrected_signs,Current Hypothetical,11,"OFF_RATING_DIFF,DEF_RATING_DIFF,NET_RATING_DIFF,W_PCT_DIFF,PLUS_MINUS_DIFF,PACE_DIFF,home_team_A,clipped_home_win_pct_diff,clipped_away_win_pct_diff,seed_difference,higher_seed_A",668,166,0.6385542168674698,0.6645421245421246,0.2278422083862052,0.6475307558586187,0.6703296703296703,0.6703296703296703,0.6703296703296703,0.07588288289813881,9,0.8,0.9,0,,,
Extra Trees,Extra Trees,isotonic,"2015-16,2016-17,2017-18,2018-19,2019-20,2020-21,2021-22,2022-23","2023-24,2024-25",baseline_plus_corrected_signs,Current Hypothetical,11,"OFF_RATING_DIFF,DEF_RATING_DIFF,NET_RATING_DIFF,W_PCT_DIFF,PLUS_MINUS_DIFF,PACE_DIFF,home_team_A,clipped_home_win_pct_diff,clipped_away_win_pct_diff,seed_difference,higher_seed_A",668,166,0.6385542168674698,0.6645421245421246,0.2278422083862052,0.6475307558586187,0.6703296703296703,0.6703296703296703,0.6703296703296703,0.07588288289813881,10,0.9,1.0,0,,,
Extra Trees,Extra Trees,raw,"2015-16,2016-17,2017-18,2018-19,2019-20,2020-21,2021-22,2022-23","2023-24,2024-25",baseline_plus_corrected_signs,Current Hypothetical,11,"OFF_RATING_DIFF,DEF_RATING_DIFF,NET_RATING_DIFF,W_PCT_DIFF,PLUS_MINUS_DIFF,PACE_DIFF,home_team_A,clipped_home_win_pct_diff,clipped_away_win_pct_diff,seed_difference,higher_seed_A",668,166,0.6445783132530121,0.6769230769230768,0.23067657441735334,0.6553126555222476,0.6632653061224489,0.7142857142857143,0.6878306878306878,0.09049087676703407,1,0.0,0.1,0,,,
Extra Trees,Extra Trees,raw,"2015-16,2016-17,2017-18,2018-19,2019-20,2020-21,2021-22,2022-23","2023-24,2024-25",baseline_plus_corrected_signs,Current Hypothetical,11,"OFF_RATING_DIFF,DEF_RATING_DIFF,NET_RATING_DIFF,W_PCT_DIFF,PLUS_MINUS_DIFF,PACE_DIFF,home_team_A,clipped_home_win_pct_diff,clipped_away_win_pct_diff,seed_difference,higher_seed_A",668,166,0.6445783132530121,0.6769230769230768,0.23067657441735334,0.6553126555222476,0.6632653061224489,0.7142857142857143,0.6878306878306878,0.09049087676703407,2,0.1,0.2,11,0.18444357541831916,0.45454545454545453,0.27010187912713535
Extra Trees,Extra Trees,raw,"2015-16,2016-17,2017-18,2018-19,2019-20,2020-21,2021-22,2022-23","2023-24,2024-25",baseline_plus_corrected_signs,Current Hypothetical,11,"OFF_RATING_DIFF,DEF_RATING_DIFF,NET_RATING_DIFF,W_PCT_DIFF,PLUS_MINUS_DIFF,PACE_DIFF,home_team_A,clipped_home_win_pct_diff,clipped_away_win_pct_diff,seed_difference,higher_seed_A",668,166,0.6445783132530121,0.6769230769230768,0.23067657441735334,0.6553126555222476,0.6632653061224489,0.7142857142857143,0.6878306878306878,0.09049087676703407,3,0.2,0.30000000000000004,9,0.2550651613319865,0.3333333333333333,0.07826817200134684
Extra Trees,Extra Trees,raw,"2015-16,2016-17,2017-18,2018-19,2019-20,2020-21,2021-22,2022-23","2023-24,2024-25",baseline_plus_corrected_signs,Current Hypothetical,11,"OFF_RATING_DIFF,DEF_RATING_DIFF,NET_RATING_DIFF,W_PCT_DIFF,PLUS_MINUS_DIFF,PACE_DIFF,home_team_A,clipped_home_win_pct_diff,clipped_away_win_pct_diff,seed_difference,higher_seed_A",668,166,0.6445783132530121,0.6769230769230768,0.23067657441735334,0.6553126555222476,0.6632653061224489,0.7142857142857143,0.6878306878306878,0.09049087676703407,4,0.30000000000000004,0.4,38,0.3500258959994591,0.42105263157894735,0.07102673557948824
Extra Trees,Extra Trees,raw,"2015-16,2016-17,2017-18,2018-19,2019-20,2020-21,2021-22,2022-23","2023-24,2024-25",baseline_plus_corrected_signs,Current Hypothetical,11,"OFF_RATING_DIFF,DEF_RATING_DIFF,NET_RATING_DIFF,W_PCT_DIFF,PLUS_MINUS_DIFF,PACE_DIFF,home_team_A,clipped_home_win_pct_diff,clipped_away_win_pct_diff,seed_difference,higher_seed_A",668,166,0.6445783132530121,0.6769230769230768,0.23067657441735334,0.6553126555222476,0.6632653061224489,0.7142857142857143,0.6878306878306878,0.09049087676703407,5,0.4,0.5,10,0.4532941364573421,0.2,0.2532941364573421
Extra Trees,Extra Trees,raw,"2015-16,2016-17,2017-18,2018-19,2019-20,2020-21,2021-22,2022-23","2023-24,2024-25",baseline_plus_corrected_signs,Current Hypothetical,11,"OFF_RATING_DIFF,DEF_RATING_DIFF,NET_RATING_DIFF,W_PCT_DIFF,PLUS_MINUS_DIFF,PACE_DIFF,home_team_A,clipped_home_win_pct_diff,clipped_away_win_pct_diff,seed_difference,higher_seed_A",668,166,0.6445783132530121,0.6769230769230768,0.23067657441735334,0.6553126555222476,0.6632653061224489,0.7142857142857143,0.6878306878306878,0.09049087676703407,6,0.5,0.6000000000000001,18,0.5399328588102554,0.5,0.039932858810255434
Extra Trees,Extra Trees,raw,"2015-16,2016-17,2017-18,2018-19,2019-20,2020-21,2021-22,2022-23","2023-24,2024-25",baseline_plus_corrected_signs,Current Hypothetical,11,"OFF_RATING_DIFF,DEF_RATING_DIFF,NET_RATING_DIFF,W_PCT_DIFF,PLUS_MINUS_DIFF,PACE_DIFF,home_team_A,clipped_home_win_pct_diff,clipped_away_win_pct_diff,seed_difference,higher_seed_A",668,166,0.6445783132530121,0.6769230769230768,0.23067657441735334,0.6553126555222476,0.6632653061224489,0.7142857142857143,0.6878306878306878,0.09049087676703407,7,0.6000000000000001,0.7000000000000001,23,0.665954023278765,0.6086956521739131,0.05725837110485188
Extra Trees,Extra Trees,raw,"2015-16,2016-17,2017-18,2018-19,2019-20,2020-21,2021-22,2022-23","2023-24,2024-25",baseline_plus_corrected_signs,Current Hypothetical,11,"OFF_RATING_DIFF,DEF_RATING_DIFF,NET_RATING_DIFF,W_PCT_DIFF,PLUS_MINUS_DIFF,PACE_DIFF,home_team_A,clipped_home_win_pct_diff,clipped_away_win_pct_diff,seed_difference,higher_seed_A",668,166,0.6445783132530121,0.6769230769230768,0.23067657441735334,0.6553126555222476,0.6632653061224489,0.7142857142857143,0.6878306878306878,0.09049087676703407,8,0.7000000000000001,0.8,30,0.7398143223807223,0.7,0.039814322380722356
Extra Trees,Extra Trees,raw,"2015-16,2016-17,2017-18,2018-19,2019-20,2020-21,2021-22,2022-23","2023-24,2024-25",baseline_plus_corrected_signs,Current Hypothetical,11,"OFF_RATING_DIFF,DEF_RATING_DIFF,NET_RATING_DIFF,W_PCT_DIFF,PLUS_MINUS_DIFF,PACE_DIFF,home_team_A,clipped_home_win_pct_diff,clipped_away_win_pct_diff,seed_difference,higher_seed_A",668,166,0.6445783132530121,0.6769230769230768,0.23067657441735334,0.6553126555222476,0.6632653061224489,0.7142857142857143,0.6878306878306878,0.09049087676703407,9,0.8,0.9,23,0.8493553060017358,0.7391304347826086,0.11022487121912716
Extra Trees,Extra Trees,raw,"2015-16,2016-17,2017-18,2018-19,2019-20,2020-21,2021-22,2022-23","2023-24,2024-25",baseline_plus_corrected_signs,Current Hypothetical,11,"OFF_RATING_DIFF,DEF_RATING_DIFF,NET_RATING_DIFF,W_PCT_DIFF,PLUS_MINUS_DIFF,PACE_DIFF,home_team_A,clipped_home_win_pct_diff,clipped_away_win_pct_diff,seed_difference,higher_seed_A",668,166,0.6445783132530121,0.6769230769230768,0.23067657441735334,0.6553126555222476,0.6632653061224489,0.7142857142857143,0.6878306878306878,0.09049087676703407,10,0.9,1.0,4,0.9128354237836791,1.0,0.0871645762163209
Extra Trees,Extra Trees,sigmoid,"2015-16,2016-17,2017-18,2018-19,2019-20,2020-21,2021-22,2022-23","2023-24,2024-25",baseline_plus_corrected_signs,Current Hypothetical,11,"OFF_RATING_DIFF,DEF_RATING_DIFF,NET_RATING_DIFF,W_PCT_DIFF,PLUS_MINUS_DIFF,PACE_DIFF,home_team_A,clipped_home_win_pct_diff,clipped_away_win_pct_diff,seed_difference,higher_seed_A",668,166,0.6445783132530121,0.6826373626373625,0.22991936401758842,0.6520824780354844,0.6509433962264151,0.7582417582417582,0.700507614213198,0.08148076450821061,1,0.0,0.1,0,,,
Extra Trees,Extra Trees,sigmoid,"2015-16,2016-17,2017-18,2018-19,2019-20,2020-21,2021-22,2022-23","2023-24,2024-25",baseline_plus_corrected_signs,Current Hypothetical,11,"OFF_RATING_DIFF,DEF_RATING_DIFF,NET_RATING_DIFF,W_PCT_DIFF,PLUS_MINUS_DIFF,PACE_DIFF,home_team_A,clipped_home_win_pct_diff,clipped_away_win_pct_diff,seed_difference,higher_seed_A",668,166,0.6445783132530121,0.6826373626373625,0.22991936401758842,0.6520824780354844,0.6509433962264151,0.7582417582417582,0.700507614213198,0.08148076450821061,2,0.1,0.2,0,,,
Extra Trees,Extra Trees,sigmoid,"2015-16,2016-17,2017-18,2018-19,2019-20,2020-21,2021-22,2022-23","2023-24,2024-25",baseline_plus_corrected_signs,Current Hypothetical,11,"OFF_RATING_DIFF,DEF_RATING_DIFF,NET_RATING_DIFF,W_PCT_DIFF,PLUS_MINUS_DIFF,PACE_DIFF,home_team_A,clipped_home_win_pct_diff,clipped_away_win_pct_diff,seed_difference,higher_seed_A",668,166,0.6445783132530121,0.6826373626373625,0.22991936401758842,0.6520824780354844,0.6509433962264151,0.7582417582417582,0.700507614213198,0.08148076450821061,3,0.2,0.30000000000000004,0,,,
Extra Trees,Extra Trees,sigmoid,"2015-16,2016-17,2017-18,2018-19,2019-20,2020-21,2021-22,2022-23","2023-24,2024-25",baseline_plus_corrected_signs,Current Hypothetical,11,"OFF_RATING_DIFF,DEF_RATING_DIFF,NET_RATING_DIFF,W_PCT_DIFF,PLUS_MINUS_DIFF,PACE_DIFF,home_team_A,clipped_home_win_pct_diff,clipped_away_win_pct_diff,seed_difference,higher_seed_A",668,166,0.6445783132530121,0.6826373626373625,0.22991936401758842,0.6520824780354844,0.6509433962264151,0.7582417582417582,0.700507614213198,0.08148076450821061,4,0.30000000000000004,0.4,0,,,
Extra Trees,Extra Trees,sigmoid,"2015-16,2016-17,2017-18,2018-19,2019-20,2020-21,2021-22,2022-23","2023-24,2024-25",baseline_plus_corrected_signs,Current Hypothetical,11,"OFF_RATING_DIFF,DEF_RATING_DIFF,NET_RATING_DIFF,W_PCT_DIFF,PLUS_MINUS_DIFF,PACE_DIFF,home_team_A,clipped_home_win_pct_diff,clipped_away_win_pct_diff,seed_difference,higher_seed_A",668,166,0.6445783132530121,0.6826373626373625,0.22991936401758842,0.6520824780354844,0.6509433962264151,0.7582417582417582,0.700507614213198,0.08148076450821061,5,0.4,0.5,60,0.4620119096645244,0.36666666666666664,0.09534524299785774
Extra Trees,Extra Trees,sigmoid,"2015-16,2016-17,2017-18,2018-19,2019-20,2020-21,2021-22,2022-23","2023-24,2024-25",baseline_plus_corrected_signs,Current Hypothetical,11,"OFF_RATING_DIFF,DEF_RATING_DIFF,NET_RATING_DIFF,W_PCT_DIFF,PLUS_MINUS_DIFF,PACE_DIFF,home_team_A,clipped_home_win_pct_diff,clipped_away_win_pct_diff,seed_difference,higher_seed_A",668,166,0.6445783132530121,0.6826373626373625,0.22991936401758842,0.6520824780354844,0.6509433962264151,0.7582417582417582,0.700507614213198,0.08148076450821061,6,0.5,0.6000000000000001,52,0.5597830075672799,0.5384615384615384,0.02132146910574151
Extra Trees,Extra Trees,sigmoid,"2015-16,2016-17,2017-18,2018-19,2019-20,2020-21,2021-22,2022-23","2023-24,2024-25",baseline_plus_corrected_signs,Current Hypothetical,11,"OFF_RATING_DIFF,DEF_RATING_DIFF,NET_RATING_DIFF,W_PCT_DIFF,PLUS_MINUS_DIFF,PACE_DIFF,home_team_A,clipped_home_win_pct_diff,clipped_away_win_pct_diff,seed_difference,higher_seed_A",668,166,0.6445783132530121,0.6826373626373625,0.22991936401758842,0.6520824780354844,0.6509433962264151,0.7582417582417582,0.700507614213198,0.08148076450821061,7,0.6000000000000001,0.7000000000000001,54,0.6352522975001308,0.7592592592592593,0.12400696175912851
Extra Trees,Extra Trees,sigmoid,"2015-16,2016-17,2017-18,2018-19,2019-20,2020-21,2021-22,2022-23","2023-24,2024-25",baseline_plus_corrected_signs,Current Hypothetical,11,"OFF_RATING_DIFF,DEF_RATING_DIFF,NET_RATING_DIFF,W_PCT_DIFF,PLUS_MINUS_DIFF,PACE_DIFF,home_team_A,clipped_home_win_pct_diff,clipped_away_win_pct_diff,seed_difference,higher_seed_A",668,166,0.6445783132530121,0.6826373626373625,0.22991936401758842,0.6520824780354844,0.6509433962264151,0.7582417582417582,0.700507614213198,0.08148076450821061,8,0.7000000000000001,0.8,0,,,
Extra Trees,Extra Trees,sigmoid,"2015-16,2016-17,2017-18,2018-19,2019-20,2020-21,2021-22,2022-23","2023-24,2024-25",baseline_plus_corrected_signs,Current Hypothetical,11,"OFF_RATING_DIFF,DEF_RATING_DIFF,NET_RATING_DIFF,W_PCT_DIFF,PLUS_MINUS_DIFF,PACE_DIFF,home_team_A,clipped_home_win_pct_diff,clipped_away_win_pct_diff,seed_difference,higher_seed_A",668,166,0.6445783132530121,0.6826373626373625,0.22991936401758842,0.6520824780354844,0.6509433962264151,0.7582417582417582,0.700507614213198,0.08148076450821061,9,0.8,0.9,0,,,
Extra Trees,Extra Trees,sigmoid,"2015-16,2016-17,2017-18,2018-19,2019-20,2020-21,2021-22,2022-23","2023-24,2024-25",baseline_plus_corrected_signs,Current Hypothetical,11,"OFF_RATING_DIFF,DEF_RATING_DIFF,NET_RATING_DIFF,W_PCT_DIFF,PLUS_MINUS_DIFF,PACE_DIFF,home_team_A,clipped_home_win_pct_diff,clipped_away_win_pct_diff,seed_difference,higher_seed_A",668,166,0.6445783132530121,0.6826373626373625,0.22991936401758842,0.6520824780354844,0.6509433962264151,0.7582417582417582,0.700507614213198,0.08148076450821061,10,0.9,1.0,0,,,
Logistic Regression,Logistic Regression,isotonic,"2015-16,2016-17,2017-18,2018-19,2019-20,2020-21,2021-22,2022-23","2023-24,2024-25",baseline_plus_corrected_signs,Current Hypothetical,11,"OFF_RATING_DIFF,DEF_RATING_DIFF,NET_RATING_DIFF,W_PCT_DIFF,PLUS_MINUS_DIFF,PACE_DIFF,home_team_A,clipped_home_win_pct_diff,clipped_away_win_pct_diff,seed_difference,higher_seed_A",668,166,0.6566265060240963,0.6933333333333335,0.2233101254400379,0.6393862883739342,0.673469387755102,0.7252747252747253,0.6984126984126984,0.060595004593418454,1,0.0,0.1,0,,,
Logistic Regression,Logistic Regression,isotonic,"2015-16,2016-17,2017-18,2018-19,2019-20,2020-21,2021-22,2022-23","2023-24,2024-25",baseline_plus_corrected_signs,Current Hypothetical,11,"OFF_RATING_DIFF,DEF_RATING_DIFF,NET_RATING_DIFF,W_PCT_DIFF,PLUS_MINUS_DIFF,PACE_DIFF,home_team_A,clipped_home_win_pct_diff,clipped_away_win_pct_diff,seed_difference,higher_seed_A",668,166,0.6566265060240963,0.6933333333333335,0.2233101254400379,0.6393862883739342,0.673469387755102,0.7252747252747253,0.6984126984126984,0.060595004593418454,2,0.1,0.2,7,0.17913832199546484,0.14285714285714285,0.03628117913832199
Logistic Regression,Logistic Regression,isotonic,"2015-16,2016-17,2017-18,2018-19,2019-20,2020-21,2021-22,2022-23","2023-24,2024-25",baseline_plus_corrected_signs,Current Hypothetical,11,"OFF_RATING_DIFF,DEF_RATING_DIFF,NET_RATING_DIFF,W_PCT_DIFF,PLUS_MINUS_DIFF,PACE_DIFF,home_team_A,clipped_home_win_pct_diff,clipped_away_win_pct_diff,seed_difference,higher_seed_A",668,166,0.6566265060240963,0.6933333333333335,0.2233101254400379,0.6393862883739342,0.673469387755102,0.7252747252747253,0.6984126984126984,0.060595004593418454,3,0.2,0.30000000000000004,12,0.2730281027116672,0.4166666666666667,0.14363856395499947
Logistic Regression,Logistic Regression,isotonic,"2015-16,2016-17,2017-18,2018-19,2019-20,2020-21,2021-22,2022-23","2023-24,2024-25",baseline_plus_corrected_signs,Current Hypothetical,11,"OFF_RATING_DIFF,DEF_RATING_DIFF,NET_RATING_DIFF,W_PCT_DIFF,PLUS_MINUS_DIFF,PACE_DIFF,home_team_A,clipped_home_win_pct_diff,clipped_away_win_pct_diff,seed_difference,higher_seed_A",668,166,0.6566265060240963,0.6933333333333335,0.2233101254400379,0.6393862883739342,0.673469387755102,0.7252747252747253,0.6984126984126984,0.060595004593418454,4,0.30000000000000004,0.4,16,0.3435349956193837,0.3125,0.03103499561938372
Logistic Regression,Logistic Regression,isotonic,"2015-16,2016-17,2017-18,2018-19,2019-20,2020-21,2021-22,2022-23","2023-24,2024-25",baseline_plus_corrected_signs,Current Hypothetical,11,"OFF_RATING_DIFF,DEF_RATING_DIFF,NET_RATING_DIFF,W_PCT_DIFF,PLUS_MINUS_DIFF,PACE_DIFF,home_team_A,clipped_home_win_pct_diff,clipped_away_win_pct_diff,seed_difference,higher_seed_A",668,166,0.6566265060240963,0.6933333333333335,0.2233101254400379,0.6393862883739342,0.673469387755102,0.7252747252747253,0.6984126984126984,0.060595004593418454,5,0.4,0.5,33,0.4471750817745421,0.42424242424242425,0.022932657532117873
Logistic Regression,Logistic Regression,isotonic,"2015-16,2016-17,2017-18,2018-19,2019-20,2020-21,2021-22,2022-23","2023-24,2024-25",baseline_plus_corrected_signs,Current Hypothetical,11,"OFF_RATING_DIFF,DEF_RATING_DIFF,NET_RATING_DIFF,W_PCT_DIFF,PLUS_MINUS_DIFF,PACE_DIFF,home_team_A,clipped_home_win_pct_diff,clipped_away_win_pct_diff,seed_difference,higher_seed_A",668,166,0.6566265060240963,0.6933333333333335,0.2233101254400379,0.6393862883739342,0.673469387755102,0.7252747252747253,0.6984126984126984,0.060595004593418454,6,0.5,0.6000000000000001,9,0.5553395785908772,0.5555555555555556,0.00021597696467834382
Logistic Regression,Logistic Regression,isotonic,"2015-16,2016-17,2017-18,2018-19,2019-20,2020-21,2021-22,2022-23","2023-24,2024-25",baseline_plus_corrected_signs,Current Hypothetical,11,"OFF_RATING_DIFF,DEF_RATING_DIFF,NET_RATING_DIFF,W_PCT_DIFF,PLUS_MINUS_DIFF,PACE_DIFF,home_team_A,clipped_home_win_pct_diff,clipped_away_win_pct_diff,seed_difference,higher_seed_A",668,166,0.6566265060240963,0.6933333333333335,0.2233101254400379,0.6393862883739342,0.673469387755102,0.7252747252747253,0.6984126984126984,0.060595004593418454,7,0.6000000000000001,0.7000000000000001,39,0.6620712823357905,0.6666666666666666,0.00459538433087614
Logistic Regression,Logistic Regression,isotonic,"2015-16,2016-17,2017-18,2018-19,2019-20,2020-21,2021-22,2022-23","2023-24,2024-25",baseline_plus_corrected_signs,Current Hypothetical,11,"OFF_RATING_DIFF,DEF_RATING_DIFF,NET_RATING_DIFF,W_PCT_DIFF,PLUS_MINUS_DIFF,PACE_DIFF,home_team_A,clipped_home_win_pct_diff,clipped_away_win_pct_diff,seed_difference,higher_seed_A",668,166,0.6566265060240963,0.6933333333333335,0.2233101254400379,0.6393862883739342,0.673469387755102,0.7252747252747253,0.6984126984126984,0.060595004593418454,8,0.7000000000000001,0.8,18,0.7692706692075962,0.5,0.26927066920759624
Logistic Regression,Logistic Regression,isotonic,"2015-16,2016-17,2017-18,2018-19,2019-20,2020-21,2021-22,2022-23","2023-24,2024-25",baseline_plus_corrected_signs,Current Hypothetical,11,"OFF_RATING_DIFF,DEF_RATING_DIFF,NET_RATING_DIFF,W_PCT_DIFF,PLUS_MINUS_DIFF,PACE_DIFF,home_team_A,clipped_home_win_pct_diff,clipped_away_win_pct_diff,seed_difference,higher_seed_A",668,166,0.6566265060240963,0.6933333333333335,0.2233101254400379,0.6393862883739342,0.673469387755102,0.7252747252747253,0.6984126984126984,0.060595004593418454,9,0.8,0.9,18,0.8379499788121951,0.7777777777777778,0.06017220103441734
Logistic Regression,Logistic Regression,isotonic,"2015-16,2016-17,2017-18,2018-19,2019-20,2020-21,2021-22,2022-23","2023-24,2024-25",baseline_plus_corrected_signs,Current Hypothetical,11,"OFF_RATING_DIFF,DEF_RATING_DIFF,NET_RATING_DIFF,W_PCT_DIFF,PLUS_MINUS_DIFF,PACE_DIFF,home_team_A,clipped_home_win_pct_diff,clipped_away_win_pct_diff,seed_difference,higher_seed_A",668,166,0.6566265060240963,0.6933333333333335,0.2233101254400379,0.6393862883739342,0.673469387755102,0.7252747252747253,0.6984126984126984,0.060595004593418454,10,0.9,1.0,14,0.9083333333333333,0.8571428571428571,0.05119047619047623
Logistic Regression,Logistic Regression,raw,"2015-16,2016-17,2017-18,2018-19,2019-20,2020-21,2021-22,2022-23","2023-24,2024-25",baseline_plus_corrected_signs,Current Hypothetical,11,"OFF_RATING_DIFF,DEF_RATING_DIFF,NET_RATING_DIFF,W_PCT_DIFF,PLUS_MINUS_DIFF,PACE_DIFF,home_team_A,clipped_home_win_pct_diff,clipped_away_win_pct_diff,seed_difference,higher_seed_A",668,166,0.6566265060240963,0.6892307692307692,0.22332521070371236,0.6390350158043994,0.673469387755102,0.7252747252747253,0.6984126984126984,0.05562943499869398,1,0.0,0.1,0,,,
Logistic Regression,Logistic Regression,raw,"2015-16,2016-17,2017-18,2018-19,2019-20,2020-21,2021-22,2022-23","2023-24,2024-25",baseline_plus_corrected_signs,Current Hypothetical,11,"OFF_RATING_DIFF,DEF_RATING_DIFF,NET_RATING_DIFF,W_PCT_DIFF,PLUS_MINUS_DIFF,PACE_DIFF,home_team_A,clipped_home_win_pct_diff,clipped_away_win_pct_diff,seed_difference,higher_seed_A",668,166,0.6566265060240963,0.6892307692307692,0.22332521070371236,0.6390350158043994,0.673469387755102,0.7252747252747253,0.6984126984126984,0.05562943499869398,2,0.1,0.2,7,0.16698610954013318,0.14285714285714285,0.024128966682990333
Logistic Regression,Logistic Regression,raw,"2015-16,2016-17,2017-18,2018-19,2019-20,2020-21,2021-22,2022-23","2023-24,2024-25",baseline_plus_corrected_signs,Current Hypothetical,11,"OFF_RATING_DIFF,DEF_RATING_DIFF,NET_RATING_DIFF,W_PCT_DIFF,PLUS_MINUS_DIFF,PACE_DIFF,home_team_A,clipped_home_win_pct_diff,clipped_away_win_pct_diff,seed_difference,higher_seed_A",668,166,0.6566265060240963,0.6892307692307692,0.22332521070371236,0.6390350158043994,0.673469387755102,0.7252747252747253,0.6984126984126984,0.05562943499869398,3,0.2,0.30000000000000004,14,0.24254876908452366,0.42857142857142855,0.18602265948690488
Logistic Regression,Logistic Regression,raw,"2015-16,2016-17,2017-18,2018-19,2019-20,2020-21,2021-22,2022-23","2023-24,2024-25",baseline_plus_corrected_signs,Current Hypothetical,11,"OFF_RATING_DIFF,DEF_RATING_DIFF,NET_RATING_DIFF,W_PCT_DIFF,PLUS_MINUS_DIFF,PACE_DIFF,home_team_A,clipped_home_win_pct_diff,clipped_away_win_pct_diff,seed_difference,higher_seed_A",668,166,0.6566265060240963,0.6892307692307692,0.22332521070371236,0.6390350158043994,0.673469387755102,0.7252747252747253,0.6984126984126984,0.05562943499869398,4,0.30000000000000004,0.4,20,0.350233604045919,0.35,0.0002336040459190447
Logistic Regression,Logistic Regression,raw,"2015-16,2016-17,2017-18,2018-19,2019-20,2020-21,2021-22,2022-23","2023-24,2024-25",baseline_plus_corrected_signs,Current Hypothetical,11,"OFF_RATING_DIFF,DEF_RATING_DIFF,NET_RATING_DIFF,W_PCT_DIFF,PLUS_MINUS_DIFF,PACE_DIFF,home_team_A,clipped_home_win_pct_diff,clipped_away_win_pct_diff,seed_difference,higher_seed_A",668,166,0.6566265060240963,0.6892307692307692,0.22332521070371236,0.6390350158043994,0.673469387755102,0.7252747252747253,0.6984126984126984,0.05562943499869398,5,0.4,0.5,27,0.4421561426746177,0.4074074074074074,0.03474873526721034
Logistic Regression,Logistic Regression,raw,"2015-16,2016-17,2017-18,2018-19,2019-20,2020-21,2021-22,2022-23","2023-24,2024-25",baseline_plus_corrected_signs,Current Hypothetical,11,"OFF_RATING_DIFF,DEF_RATING_DIFF,NET_RATING_DIFF,W_PCT_DIFF,PLUS_MINUS_DIFF,PACE_DIFF,home_team_A,clipped_home_win_pct_diff,clipped_away_win_pct_diff,seed_difference,higher_seed_A",668,166,0.6566265060240963,0.6892307692307692,0.22332521070371236,0.6390350158043994,0.673469387755102,0.7252747252747253,0.6984126984126984,0.05562943499869398,6,0.5,0.6000000000000001,18,0.5409150433261174,0.5555555555555556,0.014640512229438185
Logistic Regression,Logistic Regression,raw,"2015-16,2016-17,2017-18,2018-19,2019-20,2020-21,2021-22,2022-23","2023-24,2024-25",baseline_plus_corrected_signs,Current Hypothetical,11,"OFF_RATING_DIFF,DEF_RATING_DIFF,NET_RATING_DIFF,W_PCT_DIFF,PLUS_MINUS_DIFF,PACE_DIFF,home_team_A,clipped_home_win_pct_diff,clipped_away_win_pct_diff,seed_difference,higher_seed_A",668,166,0.6566265060240963,0.6892307692307692,0.22332521070371236,0.6390350158043994,0.673469387755102,0.7252747252747253,0.6984126984126984,0.05562943499869398,7,0.6000000000000001,0.7000000000000001,33,0.6436235750197256,0.6666666666666666,0.023043091646941072
Logistic Regression,Logistic Regression,raw,"2015-16,2016-17,2017-18,2018-19,2019-20,2020-21,2021-22,2022-23","2023-24,2024-25",baseline_plus_corrected_signs,Current Hypothetical,11,"OFF_RATING_DIFF,DEF_RATING_DIFF,NET_RATING_DIFF,W_PCT_DIFF,PLUS_MINUS_DIFF,PACE_DIFF,home_team_A,clipped_home_win_pct_diff,clipped_away_win_pct_diff,seed_difference,higher_seed_A",668,166,0.6566265060240963,0.6892307692307692,0.22332521070371236,0.6390350158043994,0.673469387755102,0.7252747252747253,0.6984126984126984,0.05562943499869398,8,0.7000000000000001,0.8,22,0.7468241455110681,0.6818181818181818,0.06500596369288636
Logistic Regression,Logistic Regression,raw,"2015-16,2016-17,2017-18,2018-19,2019-20,2020-21,2021-22,2022-23","2023-24,2024-25",baseline_plus_corrected_signs,Current Hypothetical,11,"OFF_RATING_DIFF,DEF_RATING_DIFF,NET_RATING_DIFF,W_PCT_DIFF,PLUS_MINUS_DIFF,PACE_DIFF,home_team_A,clipped_home_win_pct_diff,clipped_away_win_pct_diff,seed_difference,higher_seed_A",668,166,0.6566265060240963,0.6892307692307692,0.22332521070371236,0.6390350158043994,0.673469387755102,0.7252747252747253,0.6984126984126984,0.05562943499869398,9,0.8,0.9,15,0.8582061520468665,0.7333333333333333,0.12487281871353317
Logistic Regression,Logistic Regression,raw,"2015-16,2016-17,2017-18,2018-19,2019-20,2020-21,2021-22,2022-23","2023-24,2024-25",baseline_plus_corrected_signs,Current Hypothetical,11,"OFF_RATING_DIFF,DEF_RATING_DIFF,NET_RATING_DIFF,W_PCT_DIFF,PLUS_MINUS_DIFF,PACE_DIFF,home_team_A,clipped_home_win_pct_diff,clipped_away_win_pct_diff,seed_difference,higher_seed_A",668,166,0.6566265060240963,0.6892307692307692,0.22332521070371236,0.6390350158043994,0.673469387755102,0.7252747252747253,0.6984126984126984,0.05562943499869398,10,0.9,1.0,10,0.9191203550627101,0.8,0.11912035506271001
Logistic Regression,Logistic Regression,sigmoid,"2015-16,2016-17,2017-18,2018-19,2019-20,2020-21,2021-22,2022-23","2023-24,2024-25",baseline_plus_corrected_signs,Current Hypothetical,11,"OFF_RATING_DIFF,DEF_RATING_DIFF,NET_RATING_DIFF,W_PCT_DIFF,PLUS_MINUS_DIFF,PACE_DIFF,home_team_A,clipped_home_win_pct_diff,clipped_away_win_pct_diff,seed_difference,higher_seed_A",668,166,0.6445783132530121,0.6882051282051282,0.22145847321696288,0.6328210147139509,0.6538461538461539,0.7472527472527473,0.6974358974358974,0.06008355773481977,1,0.0,0.1,0,,,
Logistic Regression,Logistic Regression,sigmoid,"2015-16,2016-17,2017-18,2018-19,2019-20,2020-21,2021-22,2022-23","2023-24,2024-25",baseline_plus_corrected_signs,Current Hypothetical,11,"OFF_RATING_DIFF,DEF_RATING_DIFF,NET_RATING_DIFF,W_PCT_DIFF,PLUS_MINUS_DIFF,PACE_DIFF,home_team_A,clipped_home_win_pct_diff,clipped_away_win_pct_diff,seed_difference,higher_seed_A",668,166,0.6445783132530121,0.6882051282051282,0.22145847321696288,0.6328210147139509,0.6538461538461539,0.7472527472527473,0.6974358974358974,0.06008355773481977,2,0.1,0.2,0,,,
Logistic Regression,Logistic Regression,sigmoid,"2015-16,2016-17,2017-18,2018-19,2019-20,2020-21,2021-22,2022-23","2023-24,2024-25",baseline_plus_corrected_signs,Current Hypothetical,11,"OFF_RATING_DIFF,DEF_RATING_DIFF,NET_RATING_DIFF,W_PCT_DIFF,PLUS_MINUS_DIFF,PACE_DIFF,home_team_A,clipped_home_win_pct_diff,clipped_away_win_pct_diff,seed_difference,higher_seed_A",668,166,0.6445783132530121,0.6882051282051282,0.22145847321696288,0.6328210147139509,0.6538461538461539,0.7472527472527473,0.6974358974358974,0.06008355773481977,3,0.2,0.30000000000000004,13,0.263042386414242,0.23076923076923078,0.03227315564501121
Logistic Regression,Logistic Regression,sigmoid,"2015-16,2016-17,2017-18,2018-19,2019-20,2020-21,2021-22,2022-23","2023-24,2024-25",baseline_plus_corrected_signs,Current Hypothetical,11,"OFF_RATING_DIFF,DEF_RATING_DIFF,NET_RATING_DIFF,W_PCT_DIFF,PLUS_MINUS_DIFF,PACE_DIFF,home_team_A,clipped_home_win_pct_diff,clipped_away_win_pct_diff,seed_difference,higher_seed_A",668,166,0.6445783132530121,0.6882051282051282,0.22145847321696288,0.6328210147139509,0.6538461538461539,0.7472527472527473,0.6974358974358974,0.06008355773481977,4,0.30000000000000004,0.4,17,0.35211584243854704,0.47058823529411764,0.1184723928555706
Logistic Regression,Logistic Regression,sigmoid,"2015-16,2016-17,2017-18,2018-19,2019-20,2020-21,2021-22,2022-23","2023-24,2024-25",baseline_plus_corrected_signs,Current Hypothetical,11,"OFF_RATING_DIFF,DEF_RATING_DIFF,NET_RATING_DIFF,W_PCT_DIFF,PLUS_MINUS_DIFF,PACE_DIFF,home_team_A,clipped_home_win_pct_diff,clipped_away_win_pct_diff,seed_difference,higher_seed_A",668,166,0.6445783132530121,0.6882051282051282,0.22145847321696288,0.6328210147139509,0.6538461538461539,0.7472527472527473,0.6974358974358974,0.06008355773481977,5,0.4,0.5,32,0.45891572643224143,0.375,0.08391572643224143
Logistic Regression,Logistic Regression,sigmoid,"2015-16,2016-17,2017-18,2018-19,2019-20,2020-21,2021-22,2022-23","2023-24,2024-25",baseline_plus_corrected_signs,Current Hypothetical,11,"OFF_RATING_DIFF,DEF_RATING_DIFF,NET_RATING_DIFF,W_PCT_DIFF,PLUS_MINUS_DIFF,PACE_DIFF,home_team_A,clipped_home_win_pct_diff,clipped_away_win_pct_diff,seed_difference,higher_seed_A",668,166,0.6445783132530121,0.6882051282051282,0.22145847321696288,0.6328210147139509,0.6538461538461539,0.7472527472527473,0.6974358974358974,0.06008355773481977,6,0.5,0.6000000000000001,18,0.5329980575833053,0.5,0.03299805758330532
Logistic Regression,Logistic Regression,sigmoid,"2015-16,2016-17,2017-18,2018-19,2019-20,2020-21,2021-22,2022-23","2023-24,2024-25",baseline_plus_corrected_signs,Current Hypothetical,11,"OFF_RATING_DIFF,DEF_RATING_DIFF,NET_RATING_DIFF,W_PCT_DIFF,PLUS_MINUS_DIFF,PACE_DIFF,home_team_A,clipped_home_win_pct_diff,clipped_away_win_pct_diff,seed_difference,higher_seed_A",668,166,0.6445783132530121,0.6882051282051282,0.22145847321696288,0.6328210147139509,0.6538461538461539,0.7472527472527473,0.6974358974358974,0.06008355773481977,7,0.6000000000000001,0.7000000000000001,47,0.6502588961920346,0.6170212765957447,0.0332376195962899
Logistic Regression,Logistic Regression,sigmoid,"2015-16,2016-17,2017-18,2018-19,2019-20,2020-21,2021-22,2022-23","2023-24,2024-25",baseline_plus_corrected_signs,Current Hypothetical,11,"OFF_RATING_DIFF,DEF_RATING_DIFF,NET_RATING_DIFF,W_PCT_DIFF,PLUS_MINUS_DIFF,PACE_DIFF,home_team_A,clipped_home_win_pct_diff,clipped_away_win_pct_diff,seed_difference,higher_seed_A",668,166,0.6445783132530121,0.6882051282051282,0.22145847321696288,0.6328210147139509,0.6538461538461539,0.7472527472527473,0.6974358974358974,0.06008355773481977,8,0.7000000000000001,0.8,14,0.7471796162360265,0.7857142857142857,0.03853466947825923
Logistic Regression,Logistic Regression,sigmoid,"2015-16,2016-17,2017-18,2018-19,2019-20,2020-21,2021-22,2022-23","2023-24,2024-25",baseline_plus_corrected_signs,Current Hypothetical,11,"OFF_RATING_DIFF,DEF_RATING_DIFF,NET_RATING_DIFF,W_PCT_DIFF,PLUS_MINUS_DIFF,PACE_DIFF,home_team_A,clipped_home_win_pct_diff,clipped_away_win_pct_diff,seed_difference,higher_seed_A",668,166,0.6445783132530121,0.6882051282051282,0.22145847321696288,0.6328210147139509,0.6538461538461539,0.7472527472527473,0.6974358974358974,0.06008355773481977,9,0.8,0.9,25,0.8463746842399104,0.76,0.08637468423991035
Logistic Regression,Logistic Regression,sigmoid,"2015-16,2016-17,2017-18,2018-19,2019-20,2020-21,2021-22,2022-23","2023-24,2024-25",baseline_plus_corrected_signs,Current Hypothetical,11,"OFF_RATING_DIFF,DEF_RATING_DIFF,NET_RATING_DIFF,W_PCT_DIFF,PLUS_MINUS_DIFF,PACE_DIFF,home_team_A,clipped_home_win_pct_diff,clipped_away_win_pct_diff,seed_difference,higher_seed_A",668,166,0.6445783132530121,0.6882051282051282,0.22145847321696288,0.6328210147139509,0.6538461538461539,0.7472527472527473,0.6974358974358974,0.06008355773481977,10,0.9,1.0,0,,,
Random Forest,Random Forest,isotonic,"2015-16,2016-17,2017-18,2018-19,2019-20,2020-21,2021-22,2022-23","2023-24,2024-25",baseline_plus_corrected_signs,Current Hypothetical,11,"OFF_RATING_DIFF,DEF_RATING_DIFF,NET_RATING_DIFF,W_PCT_DIFF,PLUS_MINUS_DIFF,PACE_DIFF,home_team_A,clipped_home_win_pct_diff,clipped_away_win_pct_diff,seed_difference,higher_seed_A",668,166,0.6566265060240963,0.7076190476190477,0.22053286094702815,0.6317627399356783,0.6931818181818182,0.6703296703296703,0.6815642458100558,0.04301205109787856,1,0.0,0.1,0,,,
Random Forest,Random Forest,isotonic,"2015-16,2016-17,2017-18,2018-19,2019-20,2020-21,2021-22,2022-23","2023-24,2024-25",baseline_plus_corrected_signs,Current Hypothetical,11,"OFF_RATING_DIFF,DEF_RATING_DIFF,NET_RATING_DIFF,W_PCT_DIFF,PLUS_MINUS_DIFF,PACE_DIFF,home_team_A,clipped_home_win_pct_diff,clipped_away_win_pct_diff,seed_difference,higher_seed_A",668,166,0.6566265060240963,0.7076190476190477,0.22053286094702815,0.6317627399356783,0.6931818181818182,0.6703296703296703,0.6815642458100558,0.04301205109787856,2,0.1,0.2,0,,,
Random Forest,Random Forest,isotonic,"2015-16,2016-17,2017-18,2018-19,2019-20,2020-21,2021-22,2022-23","2023-24,2024-25",baseline_plus_corrected_signs,Current Hypothetical,11,"OFF_RATING_DIFF,DEF_RATING_DIFF,NET_RATING_DIFF,W_PCT_DIFF,PLUS_MINUS_DIFF,PACE_DIFF,home_team_A,clipped_home_win_pct_diff,clipped_away_win_pct_diff,seed_difference,higher_seed_A",668,166,0.6566265060240963,0.7076190476190477,0.22053286094702815,0.6317627399356783,0.6931818181818182,0.6703296703296703,0.6815642458100558,0.04301205109787856,3,0.2,0.30000000000000004,0,,,
Random Forest,Random Forest,isotonic,"2015-16,2016-17,2017-18,2018-19,2019-20,2020-21,2021-22,2022-23","2023-24,2024-25",baseline_plus_corrected_signs,Current Hypothetical,11,"OFF_RATING_DIFF,DEF_RATING_DIFF,NET_RATING_DIFF,W_PCT_DIFF,PLUS_MINUS_DIFF,PACE_DIFF,home_team_A,clipped_home_win_pct_diff,clipped_away_win_pct_diff,seed_difference,higher_seed_A",668,166,0.6566265060240963,0.7076190476190477,0.22053286094702815,0.6317627399356783,0.6931818181818182,0.6703296703296703,0.6815642458100558,0.04301205109787856,4,0.30000000000000004,0.4,11,0.3811115405451693,0.45454545454545453,0.0734339140002852
Random Forest,Random Forest,isotonic,"2015-16,2016-17,2017-18,2018-19,2019-20,2020-21,2021-22,2022-23","2023-24,2024-25",baseline_plus_corrected_signs,Current Hypothetical,11,"OFF_RATING_DIFF,DEF_RATING_DIFF,NET_RATING_DIFF,W_PCT_DIFF,PLUS_MINUS_DIFF,PACE_DIFF,home_team_A,clipped_home_win_pct_diff,clipped_away_win_pct_diff,seed_difference,higher_seed_A",668,166,0.6566265060240963,0.7076190476190477,0.22053286094702815,0.6317627399356783,0.6931818181818182,0.6703296703296703,0.6815642458100558,0.04301205109787856,5,0.4,0.5,67,0.4455151840372476,0.373134328358209,0.07238085567903862
Random Forest,Random Forest,isotonic,"2015-16,2016-17,2017-18,2018-19,2019-20,2020-21,2021-22,2022-23","2023-24,2024-25",baseline_plus_corrected_signs,Current Hypothetical,11,"OFF_RATING_DIFF,DEF_RATING_DIFF,NET_RATING_DIFF,W_PCT_DIFF,PLUS_MINUS_DIFF,PACE_DIFF,home_team_A,clipped_home_win_pct_diff,clipped_away_win_pct_diff,seed_difference,higher_seed_A",668,166,0.6566265060240963,0.7076190476190477,0.22053286094702815,0.6317627399356783,0.6931818181818182,0.6703296703296703,0.6815642458100558,0.04301205109787856,6,0.5,0.6000000000000001,13,0.5506517938583154,0.5384615384615384,0.012190255396776983
Random Forest,Random Forest,isotonic,"2015-16,2016-17,2017-18,2018-19,2019-20,2020-21,2021-22,2022-23","2023-24,2024-25",baseline_plus_corrected_signs,Current Hypothetical,11,"OFF_RATING_DIFF,DEF_RATING_DIFF,NET_RATING_DIFF,W_PCT_DIFF,PLUS_MINUS_DIFF,PACE_DIFF,home_team_A,clipped_home_win_pct_diff,clipped_away_win_pct_diff,seed_difference,higher_seed_A",668,166,0.6566265060240963,0.7076190476190477,0.22053286094702815,0.6317627399356783,0.6931818181818182,0.6703296703296703,0.6815642458100558,0.04301205109787856,7,0.6000000000000001,0.7000000000000001,27,0.6601254829092745,0.6666666666666666,0.0065411837573920995
Random Forest,Random Forest,isotonic,"2015-16,2016-17,2017-18,2018-19,2019-20,2020-21,2021-22,2022-23","2023-24,2024-25",baseline_plus_corrected_signs,Current Hypothetical,11,"OFF_RATING_DIFF,DEF_RATING_DIFF,NET_RATING_DIFF,W_PCT_DIFF,PLUS_MINUS_DIFF,PACE_DIFF,home_team_A,clipped_home_win_pct_diff,clipped_away_win_pct_diff,seed_difference,higher_seed_A",668,166,0.6566265060240963,0.7076190476190477,0.22053286094702815,0.6317627399356783,0.6931818181818182,0.6703296703296703,0.6815642458100558,0.04301205109787856,8,0.7000000000000001,0.8,48,0.7260911496637202,0.75,0.023908850336279763
Random Forest,Random Forest,isotonic,"2015-16,2016-17,2017-18,2018-19,2019-20,2020-21,2021-22,2022-23","2023-24,2024-25",baseline_plus_corrected_signs,Current Hypothetical,11,"OFF_RATING_DIFF,DEF_RATING_DIFF,NET_RATING_DIFF,W_PCT_DIFF,PLUS_MINUS_DIFF,PACE_DIFF,home_team_A,clipped_home_win_pct_diff,clipped_away_win_pct_diff,seed_difference,higher_seed_A",668,166,0.6566265060240963,0.7076190476190477,0.22053286094702815,0.6317627399356783,0.6931818181818182,0.6703296703296703,0.6815642458100558,0.04301205109787856,9,0.8,0.9,0,,,
Random Forest,Random Forest,isotonic,"2015-16,2016-17,2017-18,2018-19,2019-20,2020-21,2021-22,2022-23","2023-24,2024-25",baseline_plus_corrected_signs,Current Hypothetical,11,"OFF_RATING_DIFF,DEF_RATING_DIFF,NET_RATING_DIFF,W_PCT_DIFF,PLUS_MINUS_DIFF,PACE_DIFF,home_team_A,clipped_home_win_pct_diff,clipped_away_win_pct_diff,seed_difference,higher_seed_A",668,166,0.6566265060240963,0.7076190476190477,0.22053286094702815,0.6317627399356783,0.6931818181818182,0.6703296703296703,0.6815642458100558,0.04301205109787856,10,0.9,1.0,0,,,
Random Forest,Random Forest,raw,"2015-16,2016-17,2017-18,2018-19,2019-20,2020-21,2021-22,2022-23","2023-24,2024-25",baseline_plus_corrected_signs,Current Hypothetical,11,"OFF_RATING_DIFF,DEF_RATING_DIFF,NET_RATING_DIFF,W_PCT_DIFF,PLUS_MINUS_DIFF,PACE_DIFF,home_team_A,clipped_home_win_pct_diff,clipped_away_win_pct_diff,seed_difference,higher_seed_A",668,166,0.6566265060240963,0.6917216117216117,0.22456005034707507,0.6403081084080127,0.6847826086956522,0.6923076923076923,0.6885245901639344,0.0901239694505614,1,0.0,0.1,0,,,
Random Forest,Random Forest,raw,"2015-16,2016-17,2017-18,2018-19,2019-20,2020-21,2021-22,2022-23","2023-24,2024-25",baseline_plus_corrected_signs,Current Hypothetical,11,"OFF_RATING_DIFF,DEF_RATING_DIFF,NET_RATING_DIFF,W_PCT_DIFF,PLUS_MINUS_DIFF,PACE_DIFF,home_team_A,clipped_home_win_pct_diff,clipped_away_win_pct_diff,seed_difference,higher_seed_A",668,166,0.6566265060240963,0.6917216117216117,0.22456005034707507,0.6403081084080127,0.6847826086956522,0.6923076923076923,0.6885245901639344,0.0901239694505614,2,0.1,0.2,2,0.1963314420644754,0.5,0.3036685579355246
Random Forest,Random Forest,raw,"2015-16,2016-17,2017-18,2018-19,2019-20,2020-21,2021-22,2022-23","2023-24,2024-25",baseline_plus_corrected_signs,Current Hypothetical,11,"OFF_RATING_DIFF,DEF_RATING_DIFF,NET_RATING_DIFF,W_PCT_DIFF,PLUS_MINUS_DIFF,PACE_DIFF,home_team_A,clipped_home_win_pct_diff,clipped_away_win_pct_diff,seed_difference,higher_seed_A",668,166,0.6566265060240963,0.6917216117216117,0.22456005034707507,0.6403081084080127,0.6847826086956522,0.6923076923076923,0.6885245901639344,0.0901239694505614,3,0.2,0.30000000000000004,9,0.22592023625412802,0.4444444444444444,0.2185242081903164
Random Forest,Random Forest,raw,"2015-16,2016-17,2017-18,2018-19,2019-20,2020-21,2021-22,2022-23","2023-24,2024-25",baseline_plus_corrected_signs,Current Hypothetical,11,"OFF_RATING_DIFF,DEF_RATING_DIFF,NET_RATING_DIFF,W_PCT_DIFF,PLUS_MINUS_DIFF,PACE_DIFF,home_team_A,clipped_home_win_pct_diff,clipped_away_win_pct_diff,seed_difference,higher_seed_A",668,166,0.6566265060240963,0.6917216117216117,0.22456005034707507,0.6403081084080127,0.6847826086956522,0.6923076923076923,0.6885245901639344,0.0901239694505614,4,0.30000000000000004,0.4,44,0.34816995941279083,0.4090909090909091,0.060920949678118286
Random Forest,Random Forest,raw,"2015-16,2016-17,2017-18,2018-19,2019-20,2020-21,2021-22,2022-23","2023-24,2024-25",baseline_plus_corrected_signs,Current Hypothetical,11,"OFF_RATING_DIFF,DEF_RATING_DIFF,NET_RATING_DIFF,W_PCT_DIFF,PLUS_MINUS_DIFF,PACE_DIFF,home_team_A,clipped_home_win_pct_diff,clipped_away_win_pct_diff,seed_difference,higher_seed_A",668,166,0.6566265060240963,0.6917216117216117,0.22456005034707507,0.6403081084080127,0.6847826086956522,0.6923076923076923,0.6885245901639344,0.0901239694505614,5,0.4,0.5,19,0.4614310931049601,0.2631578947368421,0.19827319836811802
Random Forest,Random Forest,raw,"2015-16,2016-17,2017-18,2018-19,2019-20,2020-21,2021-22,2022-23","2023-24,2024-25",baseline_plus_corrected_signs,Current Hypothetical,11,"OFF_RATING_DIFF,DEF_RATING_DIFF,NET_RATING_DIFF,W_PCT_DIFF,PLUS_MINUS_DIFF,PACE_DIFF,home_team_A,clipped_home_win_pct_diff,clipped_away_win_pct_diff,seed_difference,higher_seed_A",668,166,0.6566265060240963,0.6917216117216117,0.22456005034707507,0.6403081084080127,0.6847826086956522,0.6923076923076923,0.6885245901639344,0.0901239694505614,6,0.5,0.6000000000000001,6,0.5189961400668323,0.6666666666666666,0.14767052659983437
Random Forest,Random Forest,raw,"2015-16,2016-17,2017-18,2018-19,2019-20,2020-21,2021-22,2022-23","2023-24,2024-25",baseline_plus_corrected_signs,Current Hypothetical,11,"OFF_RATING_DIFF,DEF_RATING_DIFF,NET_RATING_DIFF,W_PCT_DIFF,PLUS_MINUS_DIFF,PACE_DIFF,home_team_A,clipped_home_win_pct_diff,clipped_away_win_pct_diff,seed_difference,higher_seed_A",668,166,0.6566265060240963,0.6917216117216117,0.22456005034707507,0.6403081084080127,0.6847826086956522,0.6923076923076923,0.6885245901639344,0.0901239694505614,7,0.6000000000000001,0.7000000000000001,34,0.6493785980644764,0.5882352941176471,0.06114330394682932
Random Forest,Random Forest,raw,"2015-16,2016-17,2017-18,2018-19,2019-20,2020-21,2021-22,2022-23","2023-24,2024-25",baseline_plus_corrected_signs,Current Hypothetical,11,"OFF_RATING_DIFF,DEF_RATING_DIFF,NET_RATING_DIFF,W_PCT_DIFF,PLUS_MINUS_DIFF,PACE_DIFF,home_team_A,clipped_home_win_pct_diff,clipped_away_win_pct_diff,seed_difference,higher_seed_A",668,166,0.6566265060240963,0.6917216117216117,0.22456005034707507,0.6403081084080127,0.6847826086956522,0.6923076923076923,0.6885245901639344,0.0901239694505614,8,0.7000000000000001,0.8,23,0.7505070423529496,0.6521739130434783,0.09833312930947136
Random Forest,Random Forest,raw,"2015-16,2016-17,2017-18,2018-19,2019-20,2020-21,2021-22,2022-23","2023-24,2024-25",baseline_plus_corrected_signs,Current Hypothetical,11,"OFF_RATING_DIFF,DEF_RATING_DIFF,NET_RATING_DIFF,W_PCT_DIFF,PLUS_MINUS_DIFF,PACE_DIFF,home_team_A,clipped_home_win_pct_diff,clipped_away_win_pct_diff,seed_difference,higher_seed_A",668,166,0.6566265060240963,0.6917216117216117,0.22456005034707507,0.6403081084080127,0.6847826086956522,0.6923076923076923,0.6885245901639344,0.0901239694505614,9,0.8,0.9,27,0.833855005898406,0.8148148148148148,0.01904019108359123
Random Forest,Random Forest,raw,"2015-16,2016-17,2017-18,2018-19,2019-20,2020-21,2021-22,2022-23","2023-24,2024-25",baseline_plus_corrected_signs,Current Hypothetical,11,"OFF_RATING_DIFF,DEF_RATING_DIFF,NET_RATING_DIFF,W_PCT_DIFF,PLUS_MINUS_DIFF,PACE_DIFF,home_team_A,clipped_home_win_pct_diff,clipped_away_win_pct_diff,seed_difference,higher_seed_A",668,166,0.6566265060240963,0.6917216117216117,0.22456005034707507,0.6403081084080127,0.6847826086956522,0.6923076923076923,0.6885245901639344,0.0901239694505614,10,0.9,1.0,2,0.9009156213940798,1.0,0.09908437860592023
Random Forest,Random Forest,sigmoid,"2015-16,2016-17,2017-18,2018-19,2019-20,2020-21,2021-22,2022-23","2023-24,2024-25",baseline_plus_corrected_signs,Current Hypothetical,11,"OFF_RATING_DIFF,DEF_RATING_DIFF,NET_RATING_DIFF,W_PCT_DIFF,PLUS_MINUS_DIFF,PACE_DIFF,home_team_A,clipped_home_win_pct_diff,clipped_away_win_pct_diff,seed_difference,higher_seed_A",668,166,0.6445783132530121,0.7075457875457875,0.225862064459464,0.643651726077566,0.6509433962264151,0.7582417582417582,0.700507614213198,0.09988400536910533,1,0.0,0.1,0,,,
Random Forest,Random Forest,sigmoid,"2015-16,2016-17,2017-18,2018-19,2019-20,2020-21,2021-22,2022-23","2023-24,2024-25",baseline_plus_corrected_signs,Current Hypothetical,11,"OFF_RATING_DIFF,DEF_RATING_DIFF,NET_RATING_DIFF,W_PCT_DIFF,PLUS_MINUS_DIFF,PACE_DIFF,home_team_A,clipped_home_win_pct_diff,clipped_away_win_pct_diff,seed_difference,higher_seed_A",668,166,0.6445783132530121,0.7075457875457875,0.225862064459464,0.643651726077566,0.6509433962264151,0.7582417582417582,0.700507614213198,0.09988400536910533,2,0.1,0.2,0,,,
Random Forest,Random Forest,sigmoid,"2015-16,2016-17,2017-18,2018-19,2019-20,2020-21,2021-22,2022-23","2023-24,2024-25",baseline_plus_corrected_signs,Current Hypothetical,11,"OFF_RATING_DIFF,DEF_RATING_DIFF,NET_RATING_DIFF,W_PCT_DIFF,PLUS_MINUS_DIFF,PACE_DIFF,home_team_A,clipped_home_win_pct_diff,clipped_away_win_pct_diff,seed_difference,higher_seed_A",668,166,0.6445783132530121,0.7075457875457875,0.225862064459464,0.643651726077566,0.6509433962264151,0.7582417582417582,0.700507614213198,0.09988400536910533,3,0.2,0.30000000000000004,0,,,
Random Forest,Random Forest,sigmoid,"2015-16,2016-17,2017-18,2018-19,2019-20,2020-21,2021-22,2022-23","2023-24,2024-25",baseline_plus_corrected_signs,Current Hypothetical,11,"OFF_RATING_DIFF,DEF_RATING_DIFF,NET_RATING_DIFF,W_PCT_DIFF,PLUS_MINUS_DIFF,PACE_DIFF,home_team_A,clipped_home_win_pct_diff,clipped_away_win_pct_diff,seed_difference,higher_seed_A",668,166,0.6445783132530121,0.7075457875457875,0.225862064459464,0.643651726077566,0.6509433962264151,0.7582417582417582,0.700507614213198,0.09988400536910533,4,0.30000000000000004,0.4,3,0.3966013885791167,0.6666666666666666,0.27006527808754993
Random Forest,Random Forest,sigmoid,"2015-16,2016-17,2017-18,2018-19,2019-20,2020-21,2021-22,2022-23","2023-24,2024-25",baseline_plus_corrected_signs,Current Hypothetical,11,"OFF_RATING_DIFF,DEF_RATING_DIFF,NET_RATING_DIFF,W_PCT_DIFF,PLUS_MINUS_DIFF,PACE_DIFF,home_team_A,clipped_home_win_pct_diff,clipped_away_win_pct_diff,seed_difference,higher_seed_A",668,166,0.6445783132530121,0.7075457875457875,0.225862064459464,0.643651726077566,0.6509433962264151,0.7582417582417582,0.700507614213198,0.09988400536910533,5,0.4,0.5,57,0.4654498260529606,0.3508771929824561,0.11457263307050447
Random Forest,Random Forest,sigmoid,"2015-16,2016-17,2017-18,2018-19,2019-20,2020-21,2021-22,2022-23","2023-24,2024-25",baseline_plus_corrected_signs,Current Hypothetical,11,"OFF_RATING_DIFF,DEF_RATING_DIFF,NET_RATING_DIFF,W_PCT_DIFF,PLUS_MINUS_DIFF,PACE_DIFF,home_team_A,clipped_home_win_pct_diff,clipped_away_win_pct_diff,seed_difference,higher_seed_A",668,166,0.6445783132530121,0.7075457875457875,0.225862064459464,0.643651726077566,0.6509433962264151,0.7582417582417582,0.700507614213198,0.09988400536910533,6,0.5,0.6000000000000001,49,0.5567506584986104,0.5102040816326531,0.04654657686595731
Random Forest,Random Forest,sigmoid,"2015-16,2016-17,2017-18,2018-19,2019-20,2020-21,2021-22,2022-23","2023-24,2024-25",baseline_plus_corrected_signs,Current Hypothetical,11,"OFF_RATING_DIFF,DEF_RATING_DIFF,NET_RATING_DIFF,W_PCT_DIFF,PLUS_MINUS_DIFF,PACE_DIFF,home_team_A,clipped_home_win_pct_diff,clipped_away_win_pct_diff,seed_difference,higher_seed_A",668,166,0.6445783132530121,0.7075457875457875,0.225862064459464,0.643651726077566,0.6509433962264151,0.7582417582417582,0.700507614213198,0.09988400536910533,7,0.6000000000000001,0.7000000000000001,57,0.6498398823586286,0.7719298245614035,0.12208994220277491
Random Forest,Random Forest,sigmoid,"2015-16,2016-17,2017-18,2018-19,2019-20,2020-21,2021-22,2022-23","2023-24,2024-25",baseline_plus_corrected_signs,Current Hypothetical,11,"OFF_RATING_DIFF,DEF_RATING_DIFF,NET_RATING_DIFF,W_PCT_DIFF,PLUS_MINUS_DIFF,PACE_DIFF,home_team_A,clipped_home_win_pct_diff,clipped_away_win_pct_diff,seed_difference,higher_seed_A",668,166,0.6445783132530121,0.7075457875457875,0.225862064459464,0.643651726077566,0.6509433962264151,0.7582417582417582,0.700507614213198,0.09988400536910533,8,0.7000000000000001,0.8,0,,,
Random Forest,Random Forest,sigmoid,"2015-16,2016-17,2017-18,2018-19,2019-20,2020-21,2021-22,2022-23","2023-24,2024-25",baseline_plus_corrected_signs,Current Hypothetical,11,"OFF_RATING_DIFF,DEF_RATING_DIFF,NET_RATING_DIFF,W_PCT_DIFF,PLUS_MINUS_DIFF,PACE_DIFF,home_team_A,clipped_home_win_pct_diff,clipped_away_win_pct_diff,seed_difference,higher_seed_A",668,166,0.6445783132530121,0.7075457875457875,0.225862064459464,0.643651726077566,0.6509433962264151,0.7582417582417582,0.700507614213198,0.09988400536910533,9,0.8,0.9,0,,,
Random Forest,Random Forest,sigmoid,"2015-16,2016-17,2017-18,2018-19,2019-20,2020-21,2021-22,2022-23","2023-24,2024-25",baseline_plus_corrected_signs,Current Hypothetical,11,"OFF_RATING_DIFF,DEF_RATING_DIFF,NET_RATING_DIFF,W_PCT_DIFF,PLUS_MINUS_DIFF,PACE_DIFF,home_team_A,clipped_home_win_pct_diff,clipped_away_win_pct_diff,seed_difference,higher_seed_A",668,166,0.6445783132530121,0.7075457875457875,0.225862064459464,0.643651726077566,0.6509433962264151,0.7582417582417582,0.700507614213198,0.09988400536910533,10,0.9,1.0,0,,,
Extra Trees,Extra Trees,isotonic,"2015-16,2016-17,2017-18,2018-19,2019-20,2020-21,2021-22,2022-23","2023-24,2024-25",baseline_plus_corrected_signs,Playoff Series Context,11,"OFF_RATING_DIFF,DEF_RATING_DIFF,NET_RATING_DIFF,W_PCT_DIFF,PLUS_MINUS_DIFF,PACE_DIFF,home_team_A,clipped_home_win_pct_diff,clipped_away_win_pct_diff,seed_difference,higher_seed_A",668,166,0.6385542168674698,0.6645421245421246,0.2278422083862052,0.6475307558586187,0.6703296703296703,0.6703296703296703,0.6703296703296703,0.07588288289813881,1,0.0,0.1,0,,,
Extra Trees,Extra Trees,isotonic,"2015-16,2016-17,2017-18,2018-19,2019-20,2020-21,2021-22,2022-23","2023-24,2024-25",baseline_plus_corrected_signs,Playoff Series Context,11,"OFF_RATING_DIFF,DEF_RATING_DIFF,NET_RATING_DIFF,W_PCT_DIFF,PLUS_MINUS_DIFF,PACE_DIFF,home_team_A,clipped_home_win_pct_diff,clipped_away_win_pct_diff,seed_difference,higher_seed_A",668,166,0.6385542168674698,0.6645421245421246,0.2278422083862052,0.6475307558586187,0.6703296703296703,0.6703296703296703,0.6703296703296703,0.07588288289813881,2,0.1,0.2,0,,,
Extra Trees,Extra Trees,isotonic,"2015-16,2016-17,2017-18,2018-19,2019-20,2020-21,2021-22,2022-23","2023-24,2024-25",baseline_plus_corrected_signs,Playoff Series Context,11,"OFF_RATING_DIFF,DEF_RATING_DIFF,NET_RATING_DIFF,W_PCT_DIFF,PLUS_MINUS_DIFF,PACE_DIFF,home_team_A,clipped_home_win_pct_diff,clipped_away_win_pct_diff,seed_difference,higher_seed_A",668,166,0.6385542168674698,0.6645421245421246,0.2278422083862052,0.6475307558586187,0.6703296703296703,0.6703296703296703,0.6703296703296703,0.07588288289813881,3,0.2,0.30000000000000004,0,,,
Extra Trees,Extra Trees,isotonic,"2015-16,2016-17,2017-18,2018-19,2019-20,2020-21,2021-22,2022-23","2023-24,2024-25",baseline_plus_corrected_signs,Playoff Series Context,11,"OFF_RATING_DIFF,DEF_RATING_DIFF,NET_RATING_DIFF,W_PCT_DIFF,PLUS_MINUS_DIFF,PACE_DIFF,home_team_A,clipped_home_win_pct_diff,clipped_away_win_pct_diff,seed_difference,higher_seed_A",668,166,0.6385542168674698,0.6645421245421246,0.2278422083862052,0.6475307558586187,0.6703296703296703,0.6703296703296703,0.6703296703296703,0.07588288289813881,4,0.30000000000000004,0.4,18,0.3699234451272014,0.5,0.13007655487279862
Extra Trees,Extra Trees,isotonic,"2015-16,2016-17,2017-18,2018-19,2019-20,2020-21,2021-22,2022-23","2023-24,2024-25",baseline_plus_corrected_signs,Playoff Series Context,11,"OFF_RATING_DIFF,DEF_RATING_DIFF,NET_RATING_DIFF,W_PCT_DIFF,PLUS_MINUS_DIFF,PACE_DIFF,home_team_A,clipped_home_win_pct_diff,clipped_away_win_pct_diff,seed_difference,higher_seed_A",668,166,0.6385542168674698,0.6645421245421246,0.2278422083862052,0.6475307558586187,0.6703296703296703,0.6703296703296703,0.6703296703296703,0.07588288289813881,5,0.4,0.5,57,0.4523160602797755,0.3684210526315789,0.08389500764819657
Extra Trees,Extra Trees,isotonic,"2015-16,2016-17,2017-18,2018-19,2019-20,2020-21,2021-22,2022-23","2023-24,2024-25",baseline_plus_corrected_signs,Playoff Series Context,11,"OFF_RATING_DIFF,DEF_RATING_DIFF,NET_RATING_DIFF,W_PCT_DIFF,PLUS_MINUS_DIFF,PACE_DIFF,home_team_A,clipped_home_win_pct_diff,clipped_away_win_pct_diff,seed_difference,higher_seed_A",668,166,0.6385542168674698,0.6645421245421246,0.2278422083862052,0.6475307558586187,0.6703296703296703,0.6703296703296703,0.6703296703296703,0.07588288289813881,6,0.5,0.6000000000000001,8,0.5441884683025717,0.375,0.16918846830257173
Extra Trees,Extra Trees,isotonic,"2015-16,2016-17,2017-18,2018-19,2019-20,2020-21,2021-22,2022-23","2023-24,2024-25",baseline_plus_corrected_signs,Playoff Series Context,11,"OFF_RATING_DIFF,DEF_RATING_DIFF,NET_RATING_DIFF,W_PCT_DIFF,PLUS_MINUS_DIFF,PACE_DIFF,home_team_A,clipped_home_win_pct_diff,clipped_away_win_pct_diff,seed_difference,higher_seed_A",668,166,0.6385542168674698,0.6645421245421246,0.2278422083862052,0.6475307558586187,0.6703296703296703,0.6703296703296703,0.6703296703296703,0.07588288289813881,7,0.6000000000000001,0.7000000000000001,54,0.6791545529397192,0.6481481481481481,0.03100640479157102
Extra Trees,Extra Trees,isotonic,"2015-16,2016-17,2017-18,2018-19,2019-20,2020-21,2021-22,2022-23","2023-24,2024-25",baseline_plus_corrected_signs,Playoff Series Context,11,"OFF_RATING_DIFF,DEF_RATING_DIFF,NET_RATING_DIFF,W_PCT_DIFF,PLUS_MINUS_DIFF,PACE_DIFF,home_team_A,clipped_home_win_pct_diff,clipped_away_win_pct_diff,seed_difference,higher_seed_A",668,166,0.6385542168674698,0.6645421245421246,0.2278422083862052,0.6475307558586187,0.6703296703296703,0.6703296703296703,0.6703296703296703,0.07588288289813881,8,0.7000000000000001,0.8,29,0.708782360956274,0.7931034482758621,0.0843210873195881
Extra Trees,Extra Trees,isotonic,"2015-16,2016-17,2017-18,2018-19,2019-20,2020-21,2021-22,2022-23","2023-24,2024-25",baseline_plus_corrected_signs,Playoff Series Context,11,"OFF_RATING_DIFF,DEF_RATING_DIFF,NET_RATING_DIFF,W_PCT_DIFF,PLUS_MINUS_DIFF,PACE_DIFF,home_team_A,clipped_home_win_pct_diff,clipped_away_win_pct_diff,seed_difference,higher_seed_A",668,166,0.6385542168674698,0.6645421245421246,0.2278422083862052,0.6475307558586187,0.6703296703296703,0.6703296703296703,0.6703296703296703,0.07588288289813881,9,0.8,0.9,0,,,
Extra Trees,Extra Trees,isotonic,"2015-16,2016-17,2017-18,2018-19,2019-20,2020-21,2021-22,2022-23","2023-24,2024-25",baseline_plus_corrected_signs,Playoff Series Context,11,"OFF_RATING_DIFF,DEF_RATING_DIFF,NET_RATING_DIFF,W_PCT_DIFF,PLUS_MINUS_DIFF,PACE_DIFF,home_team_A,clipped_home_win_pct_diff,clipped_away_win_pct_diff,seed_difference,higher_seed_A",668,166,0.6385542168674698,0.6645421245421246,0.2278422083862052,0.6475307558586187,0.6703296703296703,0.6703296703296703,0.6703296703296703,0.07588288289813881,10,0.9,1.0,0,,,
Extra Trees,Extra Trees,raw,"2015-16,2016-17,2017-18,2018-19,2019-20,2020-21,2021-22,2022-23","2023-24,2024-25",baseline_plus_corrected_signs,Playoff Series Context,11,"OFF_RATING_DIFF,DEF_RATING_DIFF,NET_RATING_DIFF,W_PCT_DIFF,PLUS_MINUS_DIFF,PACE_DIFF,home_team_A,clipped_home_win_pct_diff,clipped_away_win_pct_diff,seed_difference,higher_seed_A",668,166,0.6445783132530121,0.6769230769230768,0.23067657441735334,0.6553126555222476,0.6632653061224489,0.7142857142857143,0.6878306878306878,0.09049087676703407,1,0.0,0.1,0,,,
Extra Trees,Extra Trees,raw,"2015-16,2016-17,2017-18,2018-19,2019-20,2020-21,2021-22,2022-23","2023-24,2024-25",baseline_plus_corrected_signs,Playoff Series Context,11,"OFF_RATING_DIFF,DEF_RATING_DIFF,NET_RATING_DIFF,W_PCT_DIFF,PLUS_MINUS_DIFF,PACE_DIFF,home_team_A,clipped_home_win_pct_diff,clipped_away_win_pct_diff,seed_difference,higher_seed_A",668,166,0.6445783132530121,0.6769230769230768,0.23067657441735334,0.6553126555222476,0.6632653061224489,0.7142857142857143,0.6878306878306878,0.09049087676703407,2,0.1,0.2,11,0.18444357541831916,0.45454545454545453,0.27010187912713535
Extra Trees,Extra Trees,raw,"2015-16,2016-17,2017-18,2018-19,2019-20,2020-21,2021-22,2022-23","2023-24,2024-25",baseline_plus_corrected_signs,Playoff Series Context,11,"OFF_RATING_DIFF,DEF_RATING_DIFF,NET_RATING_DIFF,W_PCT_DIFF,PLUS_MINUS_DIFF,PACE_DIFF,home_team_A,clipped_home_win_pct_diff,clipped_away_win_pct_diff,seed_difference,higher_seed_A",668,166,0.6445783132530121,0.6769230769230768,0.23067657441735334,0.6553126555222476,0.6632653061224489,0.7142857142857143,0.6878306878306878,0.09049087676703407,3,0.2,0.30000000000000004,9,0.2550651613319865,0.3333333333333333,0.07826817200134684
Extra Trees,Extra Trees,raw,"2015-16,2016-17,2017-18,2018-19,2019-20,2020-21,2021-22,2022-23","2023-24,2024-25",baseline_plus_corrected_signs,Playoff Series Context,11,"OFF_RATING_DIFF,DEF_RATING_DIFF,NET_RATING_DIFF,W_PCT_DIFF,PLUS_MINUS_DIFF,PACE_DIFF,home_team_A,clipped_home_win_pct_diff,clipped_away_win_pct_diff,seed_difference,higher_seed_A",668,166,0.6445783132530121,0.6769230769230768,0.23067657441735334,0.6553126555222476,0.6632653061224489,0.7142857142857143,0.6878306878306878,0.09049087676703407,4,0.30000000000000004,0.4,38,0.3500258959994591,0.42105263157894735,0.07102673557948824
Extra Trees,Extra Trees,raw,"2015-16,2016-17,2017-18,2018-19,2019-20,2020-21,2021-22,2022-23","2023-24,2024-25",baseline_plus_corrected_signs,Playoff Series Context,11,"OFF_RATING_DIFF,DEF_RATING_DIFF,NET_RATING_DIFF,W_PCT_DIFF,PLUS_MINUS_DIFF,PACE_DIFF,home_team_A,clipped_home_win_pct_diff,clipped_away_win_pct_diff,seed_difference,higher_seed_A",668,166,0.6445783132530121,0.6769230769230768,0.23067657441735334,0.6553126555222476,0.6632653061224489,0.7142857142857143,0.6878306878306878,0.09049087676703407,5,0.4,0.5,10,0.4532941364573421,0.2,0.2532941364573421
Extra Trees,Extra Trees,raw,"2015-16,2016-17,2017-18,2018-19,2019-20,2020-21,2021-22,2022-23","2023-24,2024-25",baseline_plus_corrected_signs,Playoff Series Context,11,"OFF_RATING_DIFF,DEF_RATING_DIFF,NET_RATING_DIFF,W_PCT_DIFF,PLUS_MINUS_DIFF,PACE_DIFF,home_team_A,clipped_home_win_pct_diff,clipped_away_win_pct_diff,seed_difference,higher_seed_A",668,166,0.6445783132530121,0.6769230769230768,0.23067657441735334,0.6553126555222476,0.6632653061224489,0.7142857142857143,0.6878306878306878,0.09049087676703407,6,0.5,0.6000000000000001,18,0.5399328588102554,0.5,0.039932858810255434
Extra Trees,Extra Trees,raw,"2015-16,2016-17,2017-18,2018-19,2019-20,2020-21,2021-22,2022-23","2023-24,2024-25",baseline_plus_corrected_signs,Playoff Series Context,11,"OFF_RATING_DIFF,DEF_RATING_DIFF,NET_RATING_DIFF,W_PCT_DIFF,PLUS_MINUS_DIFF,PACE_DIFF,home_team_A,clipped_home_win_pct_diff,clipped_away_win_pct_diff,seed_difference,higher_seed_A",668,166,0.6445783132530121,0.6769230769230768,0.23067657441735334,0.6553126555222476,0.6632653061224489,0.7142857142857143,0.6878306878306878,0.09049087676703407,7,0.6000000000000001,0.7000000000000001,23,0.665954023278765,0.6086956521739131,0.05725837110485188
Extra Trees,Extra Trees,raw,"2015-16,2016-17,2017-18,2018-19,2019-20,2020-21,2021-22,2022-23","2023-24,2024-25",baseline_plus_corrected_signs,Playoff Series Context,11,"OFF_RATING_DIFF,DEF_RATING_DIFF,NET_RATING_DIFF,W_PCT_DIFF,PLUS_MINUS_DIFF,PACE_DIFF,home_team_A,clipped_home_win_pct_diff,clipped_away_win_pct_diff,seed_difference,higher_seed_A",668,166,0.6445783132530121,0.6769230769230768,0.23067657441735334,0.6553126555222476,0.6632653061224489,0.7142857142857143,0.6878306878306878,0.09049087676703407,8,0.7000000000000001,0.8,30,0.7398143223807223,0.7,0.039814322380722356
Extra Trees,Extra Trees,raw,"2015-16,2016-17,2017-18,2018-19,2019-20,2020-21,2021-22,2022-23","2023-24,2024-25",baseline_plus_corrected_signs,Playoff Series Context,11,"OFF_RATING_DIFF,DEF_RATING_DIFF,NET_RATING_DIFF,W_PCT_DIFF,PLUS_MINUS_DIFF,PACE_DIFF,home_team_A,clipped_home_win_pct_diff,clipped_away_win_pct_diff,seed_difference,higher_seed_A",668,166,0.6445783132530121,0.6769230769230768,0.23067657441735334,0.6553126555222476,0.6632653061224489,0.7142857142857143,0.6878306878306878,0.09049087676703407,9,0.8,0.9,23,0.8493553060017358,0.7391304347826086,0.11022487121912716
Extra Trees,Extra Trees,raw,"2015-16,2016-17,2017-18,2018-19,2019-20,2020-21,2021-22,2022-23","2023-24,2024-25",baseline_plus_corrected_signs,Playoff Series Context,11,"OFF_RATING_DIFF,DEF_RATING_DIFF,NET_RATING_DIFF,W_PCT_DIFF,PLUS_MINUS_DIFF,PACE_DIFF,home_team_A,clipped_home_win_pct_diff,clipped_away_win_pct_diff,seed_difference,higher_seed_A",668,166,0.6445783132530121,0.6769230769230768,0.23067657441735334,0.6553126555222476,0.6632653061224489,0.7142857142857143,0.6878306878306878,0.09049087676703407,10,0.9,1.0,4,0.9128354237836791,1.0,0.0871645762163209
Extra Trees,Extra Trees,sigmoid,"2015-16,2016-17,2017-18,2018-19,2019-20,2020-21,2021-22,2022-23","2023-24,2024-25",baseline_plus_corrected_signs,Playoff Series Context,11,"OFF_RATING_DIFF,DEF_RATING_DIFF,NET_RATING_DIFF,W_PCT_DIFF,PLUS_MINUS_DIFF,PACE_DIFF,home_team_A,clipped_home_win_pct_diff,clipped_away_win_pct_diff,seed_difference,higher_seed_A",668,166,0.6445783132530121,0.6826373626373625,0.22991936401758842,0.6520824780354844,0.6509433962264151,0.7582417582417582,0.700507614213198,0.08148076450821061,1,0.0,0.1,0,,,
Extra Trees,Extra Trees,sigmoid,"2015-16,2016-17,2017-18,2018-19,2019-20,2020-21,2021-22,2022-23","2023-24,2024-25",baseline_plus_corrected_signs,Playoff Series Context,11,"OFF_RATING_DIFF,DEF_RATING_DIFF,NET_RATING_DIFF,W_PCT_DIFF,PLUS_MINUS_DIFF,PACE_DIFF,home_team_A,clipped_home_win_pct_diff,clipped_away_win_pct_diff,seed_difference,higher_seed_A",668,166,0.6445783132530121,0.6826373626373625,0.22991936401758842,0.6520824780354844,0.6509433962264151,0.7582417582417582,0.700507614213198,0.08148076450821061,2,0.1,0.2,0,,,
Extra Trees,Extra Trees,sigmoid,"2015-16,2016-17,2017-18,2018-19,2019-20,2020-21,2021-22,2022-23","2023-24,2024-25",baseline_plus_corrected_signs,Playoff Series Context,11,"OFF_RATING_DIFF,DEF_RATING_DIFF,NET_RATING_DIFF,W_PCT_DIFF,PLUS_MINUS_DIFF,PACE_DIFF,home_team_A,clipped_home_win_pct_diff,clipped_away_win_pct_diff,seed_difference,higher_seed_A",668,166,0.6445783132530121,0.6826373626373625,0.22991936401758842,0.6520824780354844,0.6509433962264151,0.7582417582417582,0.700507614213198,0.08148076450821061,3,0.2,0.30000000000000004,0,,,
Extra Trees,Extra Trees,sigmoid,"2015-16,2016-17,2017-18,2018-19,2019-20,2020-21,2021-22,2022-23","2023-24,2024-25",baseline_plus_corrected_signs,Playoff Series Context,11,"OFF_RATING_DIFF,DEF_RATING_DIFF,NET_RATING_DIFF,W_PCT_DIFF,PLUS_MINUS_DIFF,PACE_DIFF,home_team_A,clipped_home_win_pct_diff,clipped_away_win_pct_diff,seed_difference,higher_seed_A",668,166,0.6445783132530121,0.6826373626373625,0.22991936401758842,0.6520824780354844,0.6509433962264151,0.7582417582417582,0.700507614213198,0.08148076450821061,4,0.30000000000000004,0.4,0,,,
Extra Trees,Extra Trees,sigmoid,"2015-16,2016-17,2017-18,2018-19,2019-20,2020-21,2021-22,2022-23","2023-24,2024-25",baseline_plus_corrected_signs,Playoff Series Context,11,"OFF_RATING_DIFF,DEF_RATING_DIFF,NET_RATING_DIFF,W_PCT_DIFF,PLUS_MINUS_DIFF,PACE_DIFF,home_team_A,clipped_home_win_pct_diff,clipped_away_win_pct_diff,seed_difference,higher_seed_A",668,166,0.6445783132530121,0.6826373626373625,0.22991936401758842,0.6520824780354844,0.6509433962264151,0.7582417582417582,0.700507614213198,0.08148076450821061,5,0.4,0.5,60,0.4620119096645244,0.36666666666666664,0.09534524299785774
Extra Trees,Extra Trees,sigmoid,"2015-16,2016-17,2017-18,2018-19,2019-20,2020-21,2021-22,2022-23","2023-24,2024-25",baseline_plus_corrected_signs,Playoff Series Context,11,"OFF_RATING_DIFF,DEF_RATING_DIFF,NET_RATING_DIFF,W_PCT_DIFF,PLUS_MINUS_DIFF,PACE_DIFF,home_team_A,clipped_home_win_pct_diff,clipped_away_win_pct_diff,seed_difference,higher_seed_A",668,166,0.6445783132530121,0.6826373626373625,0.22991936401758842,0.6520824780354844,0.6509433962264151,0.7582417582417582,0.700507614213198,0.08148076450821061,6,0.5,0.6000000000000001,52,0.5597830075672799,0.5384615384615384,0.02132146910574151
Extra Trees,Extra Trees,sigmoid,"2015-16,2016-17,2017-18,2018-19,2019-20,2020-21,2021-22,2022-23","2023-24,2024-25",baseline_plus_corrected_signs,Playoff Series Context,11,"OFF_RATING_DIFF,DEF_RATING_DIFF,NET_RATING_DIFF,W_PCT_DIFF,PLUS_MINUS_DIFF,PACE_DIFF,home_team_A,clipped_home_win_pct_diff,clipped_away_win_pct_diff,seed_difference,higher_seed_A",668,166,0.6445783132530121,0.6826373626373625,0.22991936401758842,0.6520824780354844,0.6509433962264151,0.7582417582417582,0.700507614213198,0.08148076450821061,7,0.6000000000000001,0.7000000000000001,54,0.6352522975001308,0.7592592592592593,0.12400696175912851
Extra Trees,Extra Trees,sigmoid,"2015-16,2016-17,2017-18,2018-19,2019-20,2020-21,2021-22,2022-23","2023-24,2024-25",baseline_plus_corrected_signs,Playoff Series Context,11,"OFF_RATING_DIFF,DEF_RATING_DIFF,NET_RATING_DIFF,W_PCT_DIFF,PLUS_MINUS_DIFF,PACE_DIFF,home_team_A,clipped_home_win_pct_diff,clipped_away_win_pct_diff,seed_difference,higher_seed_A",668,166,0.6445783132530121,0.6826373626373625,0.22991936401758842,0.6520824780354844,0.6509433962264151,0.7582417582417582,0.700507614213198,0.08148076450821061,8,0.7000000000000001,0.8,0,,,
Extra Trees,Extra Trees,sigmoid,"2015-16,2016-17,2017-18,2018-19,2019-20,2020-21,2021-22,2022-23","2023-24,2024-25",baseline_plus_corrected_signs,Playoff Series Context,11,"OFF_RATING_DIFF,DEF_RATING_DIFF,NET_RATING_DIFF,W_PCT_DIFF,PLUS_MINUS_DIFF,PACE_DIFF,home_team_A,clipped_home_win_pct_diff,clipped_away_win_pct_diff,seed_difference,higher_seed_A",668,166,0.6445783132530121,0.6826373626373625,0.22991936401758842,0.6520824780354844,0.6509433962264151,0.7582417582417582,0.700507614213198,0.08148076450821061,9,0.8,0.9,0,,,
Extra Trees,Extra Trees,sigmoid,"2015-16,2016-17,2017-18,2018-19,2019-20,2020-21,2021-22,2022-23","2023-24,2024-25",baseline_plus_corrected_signs,Playoff Series Context,11,"OFF_RATING_DIFF,DEF_RATING_DIFF,NET_RATING_DIFF,W_PCT_DIFF,PLUS_MINUS_DIFF,PACE_DIFF,home_team_A,clipped_home_win_pct_diff,clipped_away_win_pct_diff,seed_difference,higher_seed_A",668,166,0.6445783132530121,0.6826373626373625,0.22991936401758842,0.6520824780354844,0.6509433962264151,0.7582417582417582,0.700507614213198,0.08148076450821061,10,0.9,1.0,0,,,
Logistic Regression,Logistic Regression,isotonic,"2015-16,2016-17,2017-18,2018-19,2019-20,2020-21,2021-22,2022-23","2023-24,2024-25",baseline_plus_corrected_signs,Playoff Series Context,11,"OFF_RATING_DIFF,DEF_RATING_DIFF,NET_RATING_DIFF,W_PCT_DIFF,PLUS_MINUS_DIFF,PACE_DIFF,home_team_A,clipped_home_win_pct_diff,clipped_away_win_pct_diff,seed_difference,higher_seed_A",668,166,0.6566265060240963,0.6933333333333335,0.2233101254400379,0.6393862883739342,0.673469387755102,0.7252747252747253,0.6984126984126984,0.060595004593418454,1,0.0,0.1,0,,,
Logistic Regression,Logistic Regression,isotonic,"2015-16,2016-17,2017-18,2018-19,2019-20,2020-21,2021-22,2022-23","2023-24,2024-25",baseline_plus_corrected_signs,Playoff Series Context,11,"OFF_RATING_DIFF,DEF_RATING_DIFF,NET_RATING_DIFF,W_PCT_DIFF,PLUS_MINUS_DIFF,PACE_DIFF,home_team_A,clipped_home_win_pct_diff,clipped_away_win_pct_diff,seed_difference,higher_seed_A",668,166,0.6566265060240963,0.6933333333333335,0.2233101254400379,0.6393862883739342,0.673469387755102,0.7252747252747253,0.6984126984126984,0.060595004593418454,2,0.1,0.2,7,0.17913832199546484,0.14285714285714285,0.03628117913832199
Logistic Regression,Logistic Regression,isotonic,"2015-16,2016-17,2017-18,2018-19,2019-20,2020-21,2021-22,2022-23","2023-24,2024-25",baseline_plus_corrected_signs,Playoff Series Context,11,"OFF_RATING_DIFF,DEF_RATING_DIFF,NET_RATING_DIFF,W_PCT_DIFF,PLUS_MINUS_DIFF,PACE_DIFF,home_team_A,clipped_home_win_pct_diff,clipped_away_win_pct_diff,seed_difference,higher_seed_A",668,166,0.6566265060240963,0.6933333333333335,0.2233101254400379,0.6393862883739342,0.673469387755102,0.7252747252747253,0.6984126984126984,0.060595004593418454,3,0.2,0.30000000000000004,12,0.2730281027116672,0.4166666666666667,0.14363856395499947
Logistic Regression,Logistic Regression,isotonic,"2015-16,2016-17,2017-18,2018-19,2019-20,2020-21,2021-22,2022-23","2023-24,2024-25",baseline_plus_corrected_signs,Playoff Series Context,11,"OFF_RATING_DIFF,DEF_RATING_DIFF,NET_RATING_DIFF,W_PCT_DIFF,PLUS_MINUS_DIFF,PACE_DIFF,home_team_A,clipped_home_win_pct_diff,clipped_away_win_pct_diff,seed_difference,higher_seed_A",668,166,0.6566265060240963,0.6933333333333335,0.2233101254400379,0.6393862883739342,0.673469387755102,0.7252747252747253,0.6984126984126984,0.060595004593418454,4,0.30000000000000004,0.4,16,0.3435349956193837,0.3125,0.03103499561938372
Logistic Regression,Logistic Regression,isotonic,"2015-16,2016-17,2017-18,2018-19,2019-20,2020-21,2021-22,2022-23","2023-24,2024-25",baseline_plus_corrected_signs,Playoff Series Context,11,"OFF_RATING_DIFF,DEF_RATING_DIFF,NET_RATING_DIFF,W_PCT_DIFF,PLUS_MINUS_DIFF,PACE_DIFF,home_team_A,clipped_home_win_pct_diff,clipped_away_win_pct_diff,seed_difference,higher_seed_A",668,166,0.6566265060240963,0.6933333333333335,0.2233101254400379,0.6393862883739342,0.673469387755102,0.7252747252747253,0.6984126984126984,0.060595004593418454,5,0.4,0.5,33,0.4471750817745421,0.42424242424242425,0.022932657532117873
Logistic Regression,Logistic Regression,isotonic,"2015-16,2016-17,2017-18,2018-19,2019-20,2020-21,2021-22,2022-23","2023-24,2024-25",baseline_plus_corrected_signs,Playoff Series Context,11,"OFF_RATING_DIFF,DEF_RATING_DIFF,NET_RATING_DIFF,W_PCT_DIFF,PLUS_MINUS_DIFF,PACE_DIFF,home_team_A,clipped_home_win_pct_diff,clipped_away_win_pct_diff,seed_difference,higher_seed_A",668,166,0.6566265060240963,0.6933333333333335,0.2233101254400379,0.6393862883739342,0.673469387755102,0.7252747252747253,0.6984126984126984,0.060595004593418454,6,0.5,0.6000000000000001,9,0.5553395785908772,0.5555555555555556,0.00021597696467834382
Logistic Regression,Logistic Regression,isotonic,"2015-16,2016-17,2017-18,2018-19,2019-20,2020-21,2021-22,2022-23","2023-24,2024-25",baseline_plus_corrected_signs,Playoff Series Context,11,"OFF_RATING_DIFF,DEF_RATING_DIFF,NET_RATING_DIFF,W_PCT_DIFF,PLUS_MINUS_DIFF,PACE_DIFF,home_team_A,clipped_home_win_pct_diff,clipped_away_win_pct_diff,seed_difference,higher_seed_A",668,166,0.6566265060240963,0.6933333333333335,0.2233101254400379,0.6393862883739342,0.673469387755102,0.7252747252747253,0.6984126984126984,0.060595004593418454,7,0.6000000000000001,0.7000000000000001,39,0.6620712823357905,0.6666666666666666,0.00459538433087614
Logistic Regression,Logistic Regression,isotonic,"2015-16,2016-17,2017-18,2018-19,2019-20,2020-21,2021-22,2022-23","2023-24,2024-25",baseline_plus_corrected_signs,Playoff Series Context,11,"OFF_RATING_DIFF,DEF_RATING_DIFF,NET_RATING_DIFF,W_PCT_DIFF,PLUS_MINUS_DIFF,PACE_DIFF,home_team_A,clipped_home_win_pct_diff,clipped_away_win_pct_diff,seed_difference,higher_seed_A",668,166,0.6566265060240963,0.6933333333333335,0.2233101254400379,0.6393862883739342,0.673469387755102,0.7252747252747253,0.6984126984126984,0.060595004593418454,8,0.7000000000000001,0.8,18,0.7692706692075962,0.5,0.26927066920759624
Logistic Regression,Logistic Regression,isotonic,"2015-16,2016-17,2017-18,2018-19,2019-20,2020-21,2021-22,2022-23","2023-24,2024-25",baseline_plus_corrected_signs,Playoff Series Context,11,"OFF_RATING_DIFF,DEF_RATING_DIFF,NET_RATING_DIFF,W_PCT_DIFF,PLUS_MINUS_DIFF,PACE_DIFF,home_team_A,clipped_home_win_pct_diff,clipped_away_win_pct_diff,seed_difference,higher_seed_A",668,166,0.6566265060240963,0.6933333333333335,0.2233101254400379,0.6393862883739342,0.673469387755102,0.7252747252747253,0.6984126984126984,0.060595004593418454,9,0.8,0.9,18,0.8379499788121951,0.7777777777777778,0.06017220103441734
Logistic Regression,Logistic Regression,isotonic,"2015-16,2016-17,2017-18,2018-19,2019-20,2020-21,2021-22,2022-23","2023-24,2024-25",baseline_plus_corrected_signs,Playoff Series Context,11,"OFF_RATING_DIFF,DEF_RATING_DIFF,NET_RATING_DIFF,W_PCT_DIFF,PLUS_MINUS_DIFF,PACE_DIFF,home_team_A,clipped_home_win_pct_diff,clipped_away_win_pct_diff,seed_difference,higher_seed_A",668,166,0.6566265060240963,0.6933333333333335,0.2233101254400379,0.6393862883739342,0.673469387755102,0.7252747252747253,0.6984126984126984,0.060595004593418454,10,0.9,1.0,14,0.9083333333333333,0.8571428571428571,0.05119047619047623
Logistic Regression,Logistic Regression,raw,"2015-16,2016-17,2017-18,2018-19,2019-20,2020-21,2021-22,2022-23","2023-24,2024-25",baseline_plus_corrected_signs,Playoff Series Context,11,"OFF_RATING_DIFF,DEF_RATING_DIFF,NET_RATING_DIFF,W_PCT_DIFF,PLUS_MINUS_DIFF,PACE_DIFF,home_team_A,clipped_home_win_pct_diff,clipped_away_win_pct_diff,seed_difference,higher_seed_A",668,166,0.6566265060240963,0.6892307692307692,0.22332521070371236,0.6390350158043994,0.673469387755102,0.7252747252747253,0.6984126984126984,0.05562943499869398,1,0.0,0.1,0,,,
Logistic Regression,Logistic Regression,raw,"2015-16,2016-17,2017-18,2018-19,2019-20,2020-21,2021-22,2022-23","2023-24,2024-25",baseline_plus_corrected_signs,Playoff Series Context,11,"OFF_RATING_DIFF,DEF_RATING_DIFF,NET_RATING_DIFF,W_PCT_DIFF,PLUS_MINUS_DIFF,PACE_DIFF,home_team_A,clipped_home_win_pct_diff,clipped_away_win_pct_diff,seed_difference,higher_seed_A",668,166,0.6566265060240963,0.6892307692307692,0.22332521070371236,0.6390350158043994,0.673469387755102,0.7252747252747253,0.6984126984126984,0.05562943499869398,2,0.1,0.2,7,0.16698610954013318,0.14285714285714285,0.024128966682990333
Logistic Regression,Logistic Regression,raw,"2015-16,2016-17,2017-18,2018-19,2019-20,2020-21,2021-22,2022-23","2023-24,2024-25",baseline_plus_corrected_signs,Playoff Series Context,11,"OFF_RATING_DIFF,DEF_RATING_DIFF,NET_RATING_DIFF,W_PCT_DIFF,PLUS_MINUS_DIFF,PACE_DIFF,home_team_A,clipped_home_win_pct_diff,clipped_away_win_pct_diff,seed_difference,higher_seed_A",668,166,0.6566265060240963,0.6892307692307692,0.22332521070371236,0.6390350158043994,0.673469387755102,0.7252747252747253,0.6984126984126984,0.05562943499869398,3,0.2,0.30000000000000004,14,0.24254876908452366,0.42857142857142855,0.18602265948690488
Logistic Regression,Logistic Regression,raw,"2015-16,2016-17,2017-18,2018-19,2019-20,2020-21,2021-22,2022-23","2023-24,2024-25",baseline_plus_corrected_signs,Playoff Series Context,11,"OFF_RATING_DIFF,DEF_RATING_DIFF,NET_RATING_DIFF,W_PCT_DIFF,PLUS_MINUS_DIFF,PACE_DIFF,home_team_A,clipped_home_win_pct_diff,clipped_away_win_pct_diff,seed_difference,higher_seed_A",668,166,0.6566265060240963,0.6892307692307692,0.22332521070371236,0.6390350158043994,0.673469387755102,0.7252747252747253,0.6984126984126984,0.05562943499869398,4,0.30000000000000004,0.4,20,0.350233604045919,0.35,0.0002336040459190447
Logistic Regression,Logistic Regression,raw,"2015-16,2016-17,2017-18,2018-19,2019-20,2020-21,2021-22,2022-23","2023-24,2024-25",baseline_plus_corrected_signs,Playoff Series Context,11,"OFF_RATING_DIFF,DEF_RATING_DIFF,NET_RATING_DIFF,W_PCT_DIFF,PLUS_MINUS_DIFF,PACE_DIFF,home_team_A,clipped_home_win_pct_diff,clipped_away_win_pct_diff,seed_difference,higher_seed_A",668,166,0.6566265060240963,0.6892307692307692,0.22332521070371236,0.6390350158043994,0.673469387755102,0.7252747252747253,0.6984126984126984,0.05562943499869398,5,0.4,0.5,27,0.4421561426746177,0.4074074074074074,0.03474873526721034
Logistic Regression,Logistic Regression,raw,"2015-16,2016-17,2017-18,2018-19,2019-20,2020-21,2021-22,2022-23","2023-24,2024-25",baseline_plus_corrected_signs,Playoff Series Context,11,"OFF_RATING_DIFF,DEF_RATING_DIFF,NET_RATING_DIFF,W_PCT_DIFF,PLUS_MINUS_DIFF,PACE_DIFF,home_team_A,clipped_home_win_pct_diff,clipped_away_win_pct_diff,seed_difference,higher_seed_A",668,166,0.6566265060240963,0.6892307692307692,0.22332521070371236,0.6390350158043994,0.673469387755102,0.7252747252747253,0.6984126984126984,0.05562943499869398,6,0.5,0.6000000000000001,18,0.5409150433261174,0.5555555555555556,0.014640512229438185
Logistic Regression,Logistic Regression,raw,"2015-16,2016-17,2017-18,2018-19,2019-20,2020-21,2021-22,2022-23","2023-24,2024-25",baseline_plus_corrected_signs,Playoff Series Context,11,"OFF_RATING_DIFF,DEF_RATING_DIFF,NET_RATING_DIFF,W_PCT_DIFF,PLUS_MINUS_DIFF,PACE_DIFF,home_team_A,clipped_home_win_pct_diff,clipped_away_win_pct_diff,seed_difference,higher_seed_A",668,166,0.6566265060240963,0.6892307692307692,0.22332521070371236,0.6390350158043994,0.673469387755102,0.7252747252747253,0.6984126984126984,0.05562943499869398,7,0.6000000000000001,0.7000000000000001,33,0.6436235750197256,0.6666666666666666,0.023043091646941072
Logistic Regression,Logistic Regression,raw,"2015-16,2016-17,2017-18,2018-19,2019-20,2020-21,2021-22,2022-23","2023-24,2024-25",baseline_plus_corrected_signs,Playoff Series Context,11,"OFF_RATING_DIFF,DEF_RATING_DIFF,NET_RATING_DIFF,W_PCT_DIFF,PLUS_MINUS_DIFF,PACE_DIFF,home_team_A,clipped_home_win_pct_diff,clipped_away_win_pct_diff,seed_difference,higher_seed_A",668,166,0.6566265060240963,0.6892307692307692,0.22332521070371236,0.6390350158043994,0.673469387755102,0.7252747252747253,0.6984126984126984,0.05562943499869398,8,0.7000000000000001,0.8,22,0.7468241455110681,0.6818181818181818,0.06500596369288636
Logistic Regression,Logistic Regression,raw,"2015-16,2016-17,2017-18,2018-19,2019-20,2020-21,2021-22,2022-23","2023-24,2024-25",baseline_plus_corrected_signs,Playoff Series Context,11,"OFF_RATING_DIFF,DEF_RATING_DIFF,NET_RATING_DIFF,W_PCT_DIFF,PLUS_MINUS_DIFF,PACE_DIFF,home_team_A,clipped_home_win_pct_diff,clipped_away_win_pct_diff,seed_difference,higher_seed_A",668,166,0.6566265060240963,0.6892307692307692,0.22332521070371236,0.6390350158043994,0.673469387755102,0.7252747252747253,0.6984126984126984,0.05562943499869398,9,0.8,0.9,15,0.8582061520468665,0.7333333333333333,0.12487281871353317
Logistic Regression,Logistic Regression,raw,"2015-16,2016-17,2017-18,2018-19,2019-20,2020-21,2021-22,2022-23","2023-24,2024-25",baseline_plus_corrected_signs,Playoff Series Context,11,"OFF_RATING_DIFF,DEF_RATING_DIFF,NET_RATING_DIFF,W_PCT_DIFF,PLUS_MINUS_DIFF,PACE_DIFF,home_team_A,clipped_home_win_pct_diff,clipped_away_win_pct_diff,seed_difference,higher_seed_A",668,166,0.6566265060240963,0.6892307692307692,0.22332521070371236,0.6390350158043994,0.673469387755102,0.7252747252747253,0.6984126984126984,0.05562943499869398,10,0.9,1.0,10,0.9191203550627101,0.8,0.11912035506271001
Logistic Regression,Logistic Regression,sigmoid,"2015-16,2016-17,2017-18,2018-19,2019-20,2020-21,2021-22,2022-23","2023-24,2024-25",baseline_plus_corrected_signs,Playoff Series Context,11,"OFF_RATING_DIFF,DEF_RATING_DIFF,NET_RATING_DIFF,W_PCT_DIFF,PLUS_MINUS_DIFF,PACE_DIFF,home_team_A,clipped_home_win_pct_diff,clipped_away_win_pct_diff,seed_difference,higher_seed_A",668,166,0.6445783132530121,0.6882051282051282,0.22145847321696288,0.6328210147139509,0.6538461538461539,0.7472527472527473,0.6974358974358974,0.06008355773481977,1,0.0,0.1,0,,,
Logistic Regression,Logistic Regression,sigmoid,"2015-16,2016-17,2017-18,2018-19,2019-20,2020-21,2021-22,2022-23","2023-24,2024-25",baseline_plus_corrected_signs,Playoff Series Context,11,"OFF_RATING_DIFF,DEF_RATING_DIFF,NET_RATING_DIFF,W_PCT_DIFF,PLUS_MINUS_DIFF,PACE_DIFF,home_team_A,clipped_home_win_pct_diff,clipped_away_win_pct_diff,seed_difference,higher_seed_A",668,166,0.6445783132530121,0.6882051282051282,0.22145847321696288,0.6328210147139509,0.6538461538461539,0.7472527472527473,0.6974358974358974,0.06008355773481977,2,0.1,0.2,0,,,
Logistic Regression,Logistic Regression,sigmoid,"2015-16,2016-17,2017-18,2018-19,2019-20,2020-21,2021-22,2022-23","2023-24,2024-25",baseline_plus_corrected_signs,Playoff Series Context,11,"OFF_RATING_DIFF,DEF_RATING_DIFF,NET_RATING_DIFF,W_PCT_DIFF,PLUS_MINUS_DIFF,PACE_DIFF,home_team_A,clipped_home_win_pct_diff,clipped_away_win_pct_diff,seed_difference,higher_seed_A",668,166,0.6445783132530121,0.6882051282051282,0.22145847321696288,0.6328210147139509,0.6538461538461539,0.7472527472527473,0.6974358974358974,0.06008355773481977,3,0.2,0.30000000000000004,13,0.263042386414242,0.23076923076923078,0.03227315564501121
Logistic Regression,Logistic Regression,sigmoid,"2015-16,2016-17,2017-18,2018-19,2019-20,2020-21,2021-22,2022-23","2023-24,2024-25",baseline_plus_corrected_signs,Playoff Series Context,11,"OFF_RATING_DIFF,DEF_RATING_DIFF,NET_RATING_DIFF,W_PCT_DIFF,PLUS_MINUS_DIFF,PACE_DIFF,home_team_A,clipped_home_win_pct_diff,clipped_away_win_pct_diff,seed_difference,higher_seed_A",668,166,0.6445783132530121,0.6882051282051282,0.22145847321696288,0.6328210147139509,0.6538461538461539,0.7472527472527473,0.6974358974358974,0.06008355773481977,4,0.30000000000000004,0.4,17,0.35211584243854704,0.47058823529411764,0.1184723928555706
Logistic Regression,Logistic Regression,sigmoid,"2015-16,2016-17,2017-18,2018-19,2019-20,2020-21,2021-22,2022-23","2023-24,2024-25",baseline_plus_corrected_signs,Playoff Series Context,11,"OFF_RATING_DIFF,DEF_RATING_DIFF,NET_RATING_DIFF,W_PCT_DIFF,PLUS_MINUS_DIFF,PACE_DIFF,home_team_A,clipped_home_win_pct_diff,clipped_away_win_pct_diff,seed_difference,higher_seed_A",668,166,0.6445783132530121,0.6882051282051282,0.22145847321696288,0.6328210147139509,0.6538461538461539,0.7472527472527473,0.6974358974358974,0.06008355773481977,5,0.4,0.5,32,0.45891572643224143,0.375,0.08391572643224143
Logistic Regression,Logistic Regression,sigmoid,"2015-16,2016-17,2017-18,2018-19,2019-20,2020-21,2021-22,2022-23","2023-24,2024-25",baseline_plus_corrected_signs,Playoff Series Context,11,"OFF_RATING_DIFF,DEF_RATING_DIFF,NET_RATING_DIFF,W_PCT_DIFF,PLUS_MINUS_DIFF,PACE_DIFF,home_team_A,clipped_home_win_pct_diff,clipped_away_win_pct_diff,seed_difference,higher_seed_A",668,166,0.6445783132530121,0.6882051282051282,0.22145847321696288,0.6328210147139509,0.6538461538461539,0.7472527472527473,0.6974358974358974,0.06008355773481977,6,0.5,0.6000000000000001,18,0.5329980575833053,0.5,0.03299805758330532
Logistic Regression,Logistic Regression,sigmoid,"2015-16,2016-17,2017-18,2018-19,2019-20,2020-21,2021-22,2022-23","2023-24,2024-25",baseline_plus_corrected_signs,Playoff Series Context,11,"OFF_RATING_DIFF,DEF_RATING_DIFF,NET_RATING_DIFF,W_PCT_DIFF,PLUS_MINUS_DIFF,PACE_DIFF,home_team_A,clipped_home_win_pct_diff,clipped_away_win_pct_diff,seed_difference,higher_seed_A",668,166,0.6445783132530121,0.6882051282051282,0.22145847321696288,0.6328210147139509,0.6538461538461539,0.7472527472527473,0.6974358974358974,0.06008355773481977,7,0.6000000000000001,0.7000000000000001,47,0.6502588961920346,0.6170212765957447,0.0332376195962899
Logistic Regression,Logistic Regression,sigmoid,"2015-16,2016-17,2017-18,2018-19,2019-20,2020-21,2021-22,2022-23","2023-24,2024-25",baseline_plus_corrected_signs,Playoff Series Context,11,"OFF_RATING_DIFF,DEF_RATING_DIFF,NET_RATING_DIFF,W_PCT_DIFF,PLUS_MINUS_DIFF,PACE_DIFF,home_team_A,clipped_home_win_pct_diff,clipped_away_win_pct_diff,seed_difference,higher_seed_A",668,166,0.6445783132530121,0.6882051282051282,0.22145847321696288,0.6328210147139509,0.6538461538461539,0.7472527472527473,0.6974358974358974,0.06008355773481977,8,0.7000000000000001,0.8,14,0.7471796162360265,0.7857142857142857,0.03853466947825923
Logistic Regression,Logistic Regression,sigmoid,"2015-16,2016-17,2017-18,2018-19,2019-20,2020-21,2021-22,2022-23","2023-24,2024-25",baseline_plus_corrected_signs,Playoff Series Context,11,"OFF_RATING_DIFF,DEF_RATING_DIFF,NET_RATING_DIFF,W_PCT_DIFF,PLUS_MINUS_DIFF,PACE_DIFF,home_team_A,clipped_home_win_pct_diff,clipped_away_win_pct_diff,seed_difference,higher_seed_A",668,166,0.6445783132530121,0.6882051282051282,0.22145847321696288,0.6328210147139509,0.6538461538461539,0.7472527472527473,0.6974358974358974,0.06008355773481977,9,0.8,0.9,25,0.8463746842399104,0.76,0.08637468423991035
Logistic Regression,Logistic Regression,sigmoid,"2015-16,2016-17,2017-18,2018-19,2019-20,2020-21,2021-22,2022-23","2023-24,2024-25",baseline_plus_corrected_signs,Playoff Series Context,11,"OFF_RATING_DIFF,DEF_RATING_DIFF,NET_RATING_DIFF,W_PCT_DIFF,PLUS_MINUS_DIFF,PACE_DIFF,home_team_A,clipped_home_win_pct_diff,clipped_away_win_pct_diff,seed_difference,higher_seed_A",668,166,0.6445783132530121,0.6882051282051282,0.22145847321696288,0.6328210147139509,0.6538461538461539,0.7472527472527473,0.6974358974358974,0.06008355773481977,10,0.9,1.0,0,,,
Random Forest,Random Forest,isotonic,"2015-16,2016-17,2017-18,2018-19,2019-20,2020-21,2021-22,2022-23","2023-24,2024-25",baseline_plus_corrected_signs,Playoff Series Context,11,"OFF_RATING_DIFF,DEF_RATING_DIFF,NET_RATING_DIFF,W_PCT_DIFF,PLUS_MINUS_DIFF,PACE_DIFF,home_team_A,clipped_home_win_pct_diff,clipped_away_win_pct_diff,seed_difference,higher_seed_A",668,166,0.6566265060240963,0.7076190476190477,0.22053286094702815,0.6317627399356783,0.6931818181818182,0.6703296703296703,0.6815642458100558,0.04301205109787856,1,0.0,0.1,0,,,
Random Forest,Random Forest,isotonic,"2015-16,2016-17,2017-18,2018-19,2019-20,2020-21,2021-22,2022-23","2023-24,2024-25",baseline_plus_corrected_signs,Playoff Series Context,11,"OFF_RATING_DIFF,DEF_RATING_DIFF,NET_RATING_DIFF,W_PCT_DIFF,PLUS_MINUS_DIFF,PACE_DIFF,home_team_A,clipped_home_win_pct_diff,clipped_away_win_pct_diff,seed_difference,higher_seed_A",668,166,0.6566265060240963,0.7076190476190477,0.22053286094702815,0.6317627399356783,0.6931818181818182,0.6703296703296703,0.6815642458100558,0.04301205109787856,2,0.1,0.2,0,,,
Random Forest,Random Forest,isotonic,"2015-16,2016-17,2017-18,2018-19,2019-20,2020-21,2021-22,2022-23","2023-24,2024-25",baseline_plus_corrected_signs,Playoff Series Context,11,"OFF_RATING_DIFF,DEF_RATING_DIFF,NET_RATING_DIFF,W_PCT_DIFF,PLUS_MINUS_DIFF,PACE_DIFF,home_team_A,clipped_home_win_pct_diff,clipped_away_win_pct_diff,seed_difference,higher_seed_A",668,166,0.6566265060240963,0.7076190476190477,0.22053286094702815,0.6317627399356783,0.6931818181818182,0.6703296703296703,0.6815642458100558,0.04301205109787856,3,0.2,0.30000000000000004,0,,,
Random Forest,Random Forest,isotonic,"2015-16,2016-17,2017-18,2018-19,2019-20,2020-21,2021-22,2022-23","2023-24,2024-25",baseline_plus_corrected_signs,Playoff Series Context,11,"OFF_RATING_DIFF,DEF_RATING_DIFF,NET_RATING_DIFF,W_PCT_DIFF,PLUS_MINUS_DIFF,PACE_DIFF,home_team_A,clipped_home_win_pct_diff,clipped_away_win_pct_diff,seed_difference,higher_seed_A",668,166,0.6566265060240963,0.7076190476190477,0.22053286094702815,0.6317627399356783,0.6931818181818182,0.6703296703296703,0.6815642458100558,0.04301205109787856,4,0.30000000000000004,0.4,11,0.3811115405451693,0.45454545454545453,0.0734339140002852
Random Forest,Random Forest,isotonic,"2015-16,2016-17,2017-18,2018-19,2019-20,2020-21,2021-22,2022-23","2023-24,2024-25",baseline_plus_corrected_signs,Playoff Series Context,11,"OFF_RATING_DIFF,DEF_RATING_DIFF,NET_RATING_DIFF,W_PCT_DIFF,PLUS_MINUS_DIFF,PACE_DIFF,home_team_A,clipped_home_win_pct_diff,clipped_away_win_pct_diff,seed_difference,higher_seed_A",668,166,0.6566265060240963,0.7076190476190477,0.22053286094702815,0.6317627399356783,0.6931818181818182,0.6703296703296703,0.6815642458100558,0.04301205109787856,5,0.4,0.5,67,0.4455151840372476,0.373134328358209,0.07238085567903862
Random Forest,Random Forest,isotonic,"2015-16,2016-17,2017-18,2018-19,2019-20,2020-21,2021-22,2022-23","2023-24,2024-25",baseline_plus_corrected_signs,Playoff Series Context,11,"OFF_RATING_DIFF,DEF_RATING_DIFF,NET_RATING_DIFF,W_PCT_DIFF,PLUS_MINUS_DIFF,PACE_DIFF,home_team_A,clipped_home_win_pct_diff,clipped_away_win_pct_diff,seed_difference,higher_seed_A",668,166,0.6566265060240963,0.7076190476190477,0.22053286094702815,0.6317627399356783,0.6931818181818182,0.6703296703296703,0.6815642458100558,0.04301205109787856,6,0.5,0.6000000000000001,13,0.5506517938583154,0.5384615384615384,0.012190255396776983
Random Forest,Random Forest,isotonic,"2015-16,2016-17,2017-18,2018-19,2019-20,2020-21,2021-22,2022-23","2023-24,2024-25",baseline_plus_corrected_signs,Playoff Series Context,11,"OFF_RATING_DIFF,DEF_RATING_DIFF,NET_RATING_DIFF,W_PCT_DIFF,PLUS_MINUS_DIFF,PACE_DIFF,home_team_A,clipped_home_win_pct_diff,clipped_away_win_pct_diff,seed_difference,higher_seed_A",668,166,0.6566265060240963,0.7076190476190477,0.22053286094702815,0.6317627399356783,0.6931818181818182,0.6703296703296703,0.6815642458100558,0.04301205109787856,7,0.6000000000000001,0.7000000000000001,27,0.6601254829092745,0.6666666666666666,0.0065411837573920995
Random Forest,Random Forest,isotonic,"2015-16,2016-17,2017-18,2018-19,2019-20,2020-21,2021-22,2022-23","2023-24,2024-25",baseline_plus_corrected_signs,Playoff Series Context,11,"OFF_RATING_DIFF,DEF_RATING_DIFF,NET_RATING_DIFF,W_PCT_DIFF,PLUS_MINUS_DIFF,PACE_DIFF,home_team_A,clipped_home_win_pct_diff,clipped_away_win_pct_diff,seed_difference,higher_seed_A",668,166,0.6566265060240963,0.7076190476190477,0.22053286094702815,0.6317627399356783,0.6931818181818182,0.6703296703296703,0.6815642458100558,0.04301205109787856,8,0.7000000000000001,0.8,48,0.7260911496637202,0.75,0.023908850336279763
Random Forest,Random Forest,isotonic,"2015-16,2016-17,2017-18,2018-19,2019-20,2020-21,2021-22,2022-23","2023-24,2024-25",baseline_plus_corrected_signs,Playoff Series Context,11,"OFF_RATING_DIFF,DEF_RATING_DIFF,NET_RATING_DIFF,W_PCT_DIFF,PLUS_MINUS_DIFF,PACE_DIFF,home_team_A,clipped_home_win_pct_diff,clipped_away_win_pct_diff,seed_difference,higher_seed_A",668,166,0.6566265060240963,0.7076190476190477,0.22053286094702815,0.6317627399356783,0.6931818181818182,0.6703296703296703,0.6815642458100558,0.04301205109787856,9,0.8,0.9,0,,,
Random Forest,Random Forest,isotonic,"2015-16,2016-17,2017-18,2018-19,2019-20,2020-21,2021-22,2022-23","2023-24,2024-25",baseline_plus_corrected_signs,Playoff Series Context,11,"OFF_RATING_DIFF,DEF_RATING_DIFF,NET_RATING_DIFF,W_PCT_DIFF,PLUS_MINUS_DIFF,PACE_DIFF,home_team_A,clipped_home_win_pct_diff,clipped_away_win_pct_diff,seed_difference,higher_seed_A",668,166,0.6566265060240963,0.7076190476190477,0.22053286094702815,0.6317627399356783,0.6931818181818182,0.6703296703296703,0.6815642458100558,0.04301205109787856,10,0.9,1.0,0,,,
Random Forest,Random Forest,raw,"2015-16,2016-17,2017-18,2018-19,2019-20,2020-21,2021-22,2022-23","2023-24,2024-25",baseline_plus_corrected_signs,Playoff Series Context,11,"OFF_RATING_DIFF,DEF_RATING_DIFF,NET_RATING_DIFF,W_PCT_DIFF,PLUS_MINUS_DIFF,PACE_DIFF,home_team_A,clipped_home_win_pct_diff,clipped_away_win_pct_diff,seed_difference,higher_seed_A",668,166,0.6566265060240963,0.6917216117216117,0.22456005034707507,0.6403081084080127,0.6847826086956522,0.6923076923076923,0.6885245901639344,0.0901239694505614,1,0.0,0.1,0,,,
Random Forest,Random Forest,raw,"2015-16,2016-17,2017-18,2018-19,2019-20,2020-21,2021-22,2022-23","2023-24,2024-25",baseline_plus_corrected_signs,Playoff Series Context,11,"OFF_RATING_DIFF,DEF_RATING_DIFF,NET_RATING_DIFF,W_PCT_DIFF,PLUS_MINUS_DIFF,PACE_DIFF,home_team_A,clipped_home_win_pct_diff,clipped_away_win_pct_diff,seed_difference,higher_seed_A",668,166,0.6566265060240963,0.6917216117216117,0.22456005034707507,0.6403081084080127,0.6847826086956522,0.6923076923076923,0.6885245901639344,0.0901239694505614,2,0.1,0.2,2,0.1963314420644754,0.5,0.3036685579355246
Random Forest,Random Forest,raw,"2015-16,2016-17,2017-18,2018-19,2019-20,2020-21,2021-22,2022-23","2023-24,2024-25",baseline_plus_corrected_signs,Playoff Series Context,11,"OFF_RATING_DIFF,DEF_RATING_DIFF,NET_RATING_DIFF,W_PCT_DIFF,PLUS_MINUS_DIFF,PACE_DIFF,home_team_A,clipped_home_win_pct_diff,clipped_away_win_pct_diff,seed_difference,higher_seed_A",668,166,0.6566265060240963,0.6917216117216117,0.22456005034707507,0.6403081084080127,0.6847826086956522,0.6923076923076923,0.6885245901639344,0.0901239694505614,3,0.2,0.30000000000000004,9,0.22592023625412802,0.4444444444444444,0.2185242081903164
Random Forest,Random Forest,raw,"2015-16,2016-17,2017-18,2018-19,2019-20,2020-21,2021-22,2022-23","2023-24,2024-25",baseline_plus_corrected_signs,Playoff Series Context,11,"OFF_RATING_DIFF,DEF_RATING_DIFF,NET_RATING_DIFF,W_PCT_DIFF,PLUS_MINUS_DIFF,PACE_DIFF,home_team_A,clipped_home_win_pct_diff,clipped_away_win_pct_diff,seed_difference,higher_seed_A",668,166,0.6566265060240963,0.6917216117216117,0.22456005034707507,0.6403081084080127,0.6847826086956522,0.6923076923076923,0.6885245901639344,0.0901239694505614,4,0.30000000000000004,0.4,44,0.34816995941279083,0.4090909090909091,0.060920949678118286
Random Forest,Random Forest,raw,"2015-16,2016-17,2017-18,2018-19,2019-20,2020-21,2021-22,2022-23","2023-24,2024-25",baseline_plus_corrected_signs,Playoff Series Context,11,"OFF_RATING_DIFF,DEF_RATING_DIFF,NET_RATING_DIFF,W_PCT_DIFF,PLUS_MINUS_DIFF,PACE_DIFF,home_team_A,clipped_home_win_pct_diff,clipped_away_win_pct_diff,seed_difference,higher_seed_A",668,166,0.6566265060240963,0.6917216117216117,0.22456005034707507,0.6403081084080127,0.6847826086956522,0.6923076923076923,0.6885245901639344,0.0901239694505614,5,0.4,0.5,19,0.4614310931049601,0.2631578947368421,0.19827319836811802
Random Forest,Random Forest,raw,"2015-16,2016-17,2017-18,2018-19,2019-20,2020-21,2021-22,2022-23","2023-24,2024-25",baseline_plus_corrected_signs,Playoff Series Context,11,"OFF_RATING_DIFF,DEF_RATING_DIFF,NET_RATING_DIFF,W_PCT_DIFF,PLUS_MINUS_DIFF,PACE_DIFF,home_team_A,clipped_home_win_pct_diff,clipped_away_win_pct_diff,seed_difference,higher_seed_A",668,166,0.6566265060240963,0.6917216117216117,0.22456005034707507,0.6403081084080127,0.6847826086956522,0.6923076923076923,0.6885245901639344,0.0901239694505614,6,0.5,0.6000000000000001,6,0.5189961400668323,0.6666666666666666,0.14767052659983437
Random Forest,Random Forest,raw,"2015-16,2016-17,2017-18,2018-19,2019-20,2020-21,2021-22,2022-23","2023-24,2024-25",baseline_plus_corrected_signs,Playoff Series Context,11,"OFF_RATING_DIFF,DEF_RATING_DIFF,NET_RATING_DIFF,W_PCT_DIFF,PLUS_MINUS_DIFF,PACE_DIFF,home_team_A,clipped_home_win_pct_diff,clipped_away_win_pct_diff,seed_difference,higher_seed_A",668,166,0.6566265060240963,0.6917216117216117,0.22456005034707507,0.6403081084080127,0.6847826086956522,0.6923076923076923,0.6885245901639344,0.0901239694505614,7,0.6000000000000001,0.7000000000000001,34,0.6493785980644764,0.5882352941176471,0.06114330394682932
Random Forest,Random Forest,raw,"2015-16,2016-17,2017-18,2018-19,2019-20,2020-21,2021-22,2022-23","2023-24,2024-25",baseline_plus_corrected_signs,Playoff Series Context,11,"OFF_RATING_DIFF,DEF_RATING_DIFF,NET_RATING_DIFF,W_PCT_DIFF,PLUS_MINUS_DIFF,PACE_DIFF,home_team_A,clipped_home_win_pct_diff,clipped_away_win_pct_diff,seed_difference,higher_seed_A",668,166,0.6566265060240963,0.6917216117216117,0.22456005034707507,0.6403081084080127,0.6847826086956522,0.6923076923076923,0.6885245901639344,0.0901239694505614,8,0.7000000000000001,0.8,23,0.7505070423529496,0.6521739130434783,0.09833312930947136
Random Forest,Random Forest,raw,"2015-16,2016-17,2017-18,2018-19,2019-20,2020-21,2021-22,2022-23","2023-24,2024-25",baseline_plus_corrected_signs,Playoff Series Context,11,"OFF_RATING_DIFF,DEF_RATING_DIFF,NET_RATING_DIFF,W_PCT_DIFF,PLUS_MINUS_DIFF,PACE_DIFF,home_team_A,clipped_home_win_pct_diff,clipped_away_win_pct_diff,seed_difference,higher_seed_A",668,166,0.6566265060240963,0.6917216117216117,0.22456005034707507,0.6403081084080127,0.6847826086956522,0.6923076923076923,0.6885245901639344,0.0901239694505614,9,0.8,0.9,27,0.833855005898406,0.8148148148148148,0.01904019108359123
Random Forest,Random Forest,raw,"2015-16,2016-17,2017-18,2018-19,2019-20,2020-21,2021-22,2022-23","2023-24,2024-25",baseline_plus_corrected_signs,Playoff Series Context,11,"OFF_RATING_DIFF,DEF_RATING_DIFF,NET_RATING_DIFF,W_PCT_DIFF,PLUS_MINUS_DIFF,PACE_DIFF,home_team_A,clipped_home_win_pct_diff,clipped_away_win_pct_diff,seed_difference,higher_seed_A",668,166,0.6566265060240963,0.6917216117216117,0.22456005034707507,0.6403081084080127,0.6847826086956522,0.6923076923076923,0.6885245901639344,0.0901239694505614,10,0.9,1.0,2,0.9009156213940798,1.0,0.09908437860592023
Random Forest,Random Forest,sigmoid,"2015-16,2016-17,2017-18,2018-19,2019-20,2020-21,2021-22,2022-23","2023-24,2024-25",baseline_plus_corrected_signs,Playoff Series Context,11,"OFF_RATING_DIFF,DEF_RATING_DIFF,NET_RATING_DIFF,W_PCT_DIFF,PLUS_MINUS_DIFF,PACE_DIFF,home_team_A,clipped_home_win_pct_diff,clipped_away_win_pct_diff,seed_difference,higher_seed_A",668,166,0.6445783132530121,0.7075457875457875,0.225862064459464,0.643651726077566,0.6509433962264151,0.7582417582417582,0.700507614213198,0.09988400536910533,1,0.0,0.1,0,,,
Random Forest,Random Forest,sigmoid,"2015-16,2016-17,2017-18,2018-19,2019-20,2020-21,2021-22,2022-23","2023-24,2024-25",baseline_plus_corrected_signs,Playoff Series Context,11,"OFF_RATING_DIFF,DEF_RATING_DIFF,NET_RATING_DIFF,W_PCT_DIFF,PLUS_MINUS_DIFF,PACE_DIFF,home_team_A,clipped_home_win_pct_diff,clipped_away_win_pct_diff,seed_difference,higher_seed_A",668,166,0.6445783132530121,0.7075457875457875,0.225862064459464,0.643651726077566,0.6509433962264151,0.7582417582417582,0.700507614213198,0.09988400536910533,2,0.1,0.2,0,,,
Random Forest,Random Forest,sigmoid,"2015-16,2016-17,2017-18,2018-19,2019-20,2020-21,2021-22,2022-23","2023-24,2024-25",baseline_plus_corrected_signs,Playoff Series Context,11,"OFF_RATING_DIFF,DEF_RATING_DIFF,NET_RATING_DIFF,W_PCT_DIFF,PLUS_MINUS_DIFF,PACE_DIFF,home_team_A,clipped_home_win_pct_diff,clipped_away_win_pct_diff,seed_difference,higher_seed_A",668,166,0.6445783132530121,0.7075457875457875,0.225862064459464,0.643651726077566,0.6509433962264151,0.7582417582417582,0.700507614213198,0.09988400536910533,3,0.2,0.30000000000000004,0,,,
Random Forest,Random Forest,sigmoid,"2015-16,2016-17,2017-18,2018-19,2019-20,2020-21,2021-22,2022-23","2023-24,2024-25",baseline_plus_corrected_signs,Playoff Series Context,11,"OFF_RATING_DIFF,DEF_RATING_DIFF,NET_RATING_DIFF,W_PCT_DIFF,PLUS_MINUS_DIFF,PACE_DIFF,home_team_A,clipped_home_win_pct_diff,clipped_away_win_pct_diff,seed_difference,higher_seed_A",668,166,0.6445783132530121,0.7075457875457875,0.225862064459464,0.643651726077566,0.6509433962264151,0.7582417582417582,0.700507614213198,0.09988400536910533,4,0.30000000000000004,0.4,3,0.3966013885791167,0.6666666666666666,0.27006527808754993
Random Forest,Random Forest,sigmoid,"2015-16,2016-17,2017-18,2018-19,2019-20,2020-21,2021-22,2022-23","2023-24,2024-25",baseline_plus_corrected_signs,Playoff Series Context,11,"OFF_RATING_DIFF,DEF_RATING_DIFF,NET_RATING_DIFF,W_PCT_DIFF,PLUS_MINUS_DIFF,PACE_DIFF,home_team_A,clipped_home_win_pct_diff,clipped_away_win_pct_diff,seed_difference,higher_seed_A",668,166,0.6445783132530121,0.7075457875457875,0.225862064459464,0.643651726077566,0.6509433962264151,0.7582417582417582,0.700507614213198,0.09988400536910533,5,0.4,0.5,57,0.4654498260529606,0.3508771929824561,0.11457263307050447
Random Forest,Random Forest,sigmoid,"2015-16,2016-17,2017-18,2018-19,2019-20,2020-21,2021-22,2022-23","2023-24,2024-25",baseline_plus_corrected_signs,Playoff Series Context,11,"OFF_RATING_DIFF,DEF_RATING_DIFF,NET_RATING_DIFF,W_PCT_DIFF,PLUS_MINUS_DIFF,PACE_DIFF,home_team_A,clipped_home_win_pct_diff,clipped_away_win_pct_diff,seed_difference,higher_seed_A",668,166,0.6445783132530121,0.7075457875457875,0.225862064459464,0.643651726077566,0.6509433962264151,0.7582417582417582,0.700507614213198,0.09988400536910533,6,0.5,0.6000000000000001,49,0.5567506584986104,0.5102040816326531,0.04654657686595731
Random Forest,Random Forest,sigmoid,"2015-16,2016-17,2017-18,2018-19,2019-20,2020-21,2021-22,2022-23","2023-24,2024-25",baseline_plus_corrected_signs,Playoff Series Context,11,"OFF_RATING_DIFF,DEF_RATING_DIFF,NET_RATING_DIFF,W_PCT_DIFF,PLUS_MINUS_DIFF,PACE_DIFF,home_team_A,clipped_home_win_pct_diff,clipped_away_win_pct_diff,seed_difference,higher_seed_A",668,166,0.6445783132530121,0.7075457875457875,0.225862064459464,0.643651726077566,0.6509433962264151,0.7582417582417582,0.700507614213198,0.09988400536910533,7,0.6000000000000001,0.7000000000000001,57,0.6498398823586286,0.7719298245614035,0.12208994220277491
Random Forest,Random Forest,sigmoid,"2015-16,2016-17,2017-18,2018-19,2019-20,2020-21,2021-22,2022-23","2023-24,2024-25",baseline_plus_corrected_signs,Playoff Series Context,11,"OFF_RATING_DIFF,DEF_RATING_DIFF,NET_RATING_DIFF,W_PCT_DIFF,PLUS_MINUS_DIFF,PACE_DIFF,home_team_A,clipped_home_win_pct_diff,clipped_away_win_pct_diff,seed_difference,higher_seed_A",668,166,0.6445783132530121,0.7075457875457875,0.225862064459464,0.643651726077566,0.6509433962264151,0.7582417582417582,0.700507614213198,0.09988400536910533,8,0.7000000000000001,0.8,0,,,
Random Forest,Random Forest,sigmoid,"2015-16,2016-17,2017-18,2018-19,2019-20,2020-21,2021-22,2022-23","2023-24,2024-25",baseline_plus_corrected_signs,Playoff Series Context,11,"OFF_RATING_DIFF,DEF_RATING_DIFF,NET_RATING_DIFF,W_PCT_DIFF,PLUS_MINUS_DIFF,PACE_DIFF,home_team_A,clipped_home_win_pct_diff,clipped_away_win_pct_diff,seed_difference,higher_seed_A",668,166,0.6445783132530121,0.7075457875457875,0.225862064459464,0.643651726077566,0.6509433962264151,0.7582417582417582,0.700507614213198,0.09988400536910533,9,0.8,0.9,0,,,
Random Forest,Random Forest,sigmoid,"2015-16,2016-17,2017-18,2018-19,2019-20,2020-21,2021-22,2022-23","2023-24,2024-25",baseline_plus_corrected_signs,Playoff Series Context,11,"OFF_RATING_DIFF,DEF_RATING_DIFF,NET_RATING_DIFF,W_PCT_DIFF,PLUS_MINUS_DIFF,PACE_DIFF,home_team_A,clipped_home_win_pct_diff,clipped_away_win_pct_diff,seed_difference,higher_seed_A",668,166,0.6445783132530121,0.7075457875457875,0.225862064459464,0.643651726077566,0.6509433962264151,0.7582417582417582,0.700507614213198,0.09988400536910533,10,0.9,1.0,0,,,
