SERIES_CONTEXT_SCHEMA_VERSION,SEASON,GAME_ID,GAME_DATE,TEAM_A_ID,TEAM_A,TEAM_B_ID,TEAM_B,TEAM_A_WON,game_number,series_score_diff,team_a_series_wins,team_b_series_wins,team_a_elimination_game,team_b_elimination_game,team_a_home,team_a_trailing_series,team_a_leading_series,previous_game_winner,previous_game_margin,team_a_recent_series_wins,team_b_recent_series_wins,team_a_road_wins_in_series,team_b_road_wins_in_series,team_a_home_losses_in_series,team_b_home_losses_in_series
2026-06-11-series-context-v1,2015-16,41500131,2016-04-16,1610612737,ATL,1610612738,BOS,1,1.0,0.0,0.0,0.0,0.0,0.0,1.0,0.0,0.0,0.0,0.0,0.0,0.0,0.0,0.0,0.0,0.0
2026-06-11-series-context-v1,2015-16,41500132,2016-04-19,1610612737,ATL,1610612738,BOS,1,2.0,1.0,1.0,0.0,0.0,0.0,1.0,0.0,1.0,1.0,1.0,1.0,0.0,0.0,0.0,0.0,0.0
2026-06-11-series-context-v1,2015-16,41500133,2016-04-22,1610612737,ATL,1610612738,BOS,0,3.0,2.0,2.0,0.0,0.0,0.0,0.0,0.0,1.0,1.0,17.0,2.0,0.0,0.0,0.0,0.0,0.0
2026-06-11-series-context-v1,2015-16,41500134,2016-04-24,1610612737,ATL,1610612738,BOS,0,4.0,1.0,2.0,1.0,0.0,0.0,0.0,0.0,1.0,-1.0,-8.0,2.0,1.0,0.0,0.0,0.0,0.0
2026-06-11-series-context-v1,2015-16,41500135,2016-04-26,1610612737,ATL,1610612738,BOS,1,5.0,0.0,2.0,2.0,0.0,0.0,1.0,0.0,0.0,-1.0,-9.0,1.0,2.0,0.0,0.0,0.0,0.0
2026-06-11-series-context-v1,2015-16,41500136,2016-04-28,1610612737,ATL,1610612738,BOS,1,6.0,1.0,3.0,2.0,0.0,1.0,0.0,0.0,1.0,1.0,27.0,1.0,2.0,0.0,0.0,0.0,0.0
2026-06-11-series-context-v1,2015-16,41500141,2016-04-16,1610612744,GSW,1610612745,HOU,1,1.0,0.0,0.0,0.0,0.0,0.0,1.0,0.0,0.0,0.0,0.0,0.0,0.0,0.0,0.0,0.0,0.0
2026-06-11-series-context-v1,2015-16,41500142,2016-04-18,1610612744,GSW,1610612745,HOU,1,2.0,1.0,1.0,0.0,0.0,0.0,1.0,0.0,1.0,1.0,26.0,1.0,0.0,0.0,0.0,0.0,0.0
2026-06-11-series-context-v1,2015-16,41500143,2016-04-21,1610612744,GSW,1610612745,HOU,0,3.0,2.0,2.0,0.0,0.0,0.0,0.0,0.0,1.0,1.0,9.0,2.0,0.0,0.0,0.0,0.0,0.0
2026-06-11-series-context-v1,2015-16,41500144,2016-04-24,1610612744,GSW,1610612745,HOU,1,4.0,1.0,2.0,1.0,0.0,0.0,0.0,0.0,1.0,-1.0,-1.0,2.0,1.0,0.0,0.0,0.0,0.0
2026-06-11-series-context-v1,2015-16,41500145,2016-04-27,1610612744,GSW,1610612745,HOU,1,5.0,2.0,3.0,1.0,0.0,1.0,1.0,0.0,1.0,1.0,27.0,2.0,1.0,1.0,0.0,0.0,1.0
2026-06-11-series-context-v1,2015-16,41500111,2016-04-16,1610612754,IND,1610612761,TOR,1,1.0,0.0,0.0,0.0,0.0,0.0,0.0,0.0,0.0,0.0,0.0,0.0,0.0,0.0,0.0,0.0,0.0
2026-06-11-series-context-v1,2015-16,41500112,2016-04-18,1610612754,IND,1610612761,TOR,0,2.0,1.0,1.0,0.0,0.0,0.0,0.0,0.0,1.0,1.0,10.0,1.0,0.0,1.0,0.0,0.0,1.0
2026-06-11-series-context-v1,2015-16,41500113,2016-04-21,1610612754,IND,1610612761,TOR,0,3.0,0.0,1.0,1.0,0.0,0.0,1.0,0.0,0.0,-1.0,-11.0,1.0,1.0,1.0,0.0,0.0,1.0
2026-06-11-series-context-v1,2015-16,41500114,2016-04-23,1610612754,IND,1610612761,TOR,1,4.0,-1.0,1.0,2.0,0.0,0.0,1.0,1.0,0.0,-1.0,-16.0,1.0,2.0,1.0,1.0,1.0,1.0
2026-06-11-series-context-v1,2015-16,41500115,2016-04-26,1610612754,IND,1610612761,TOR,0,5.0,0.0,2.0,2.0,0.0,0.0,0.0,0.0,0.0,1.0,17.0,1.0,2.0,1.0,1.0,1.0,1.0
2026-06-11-series-context-v1,2015-16,41500116,2016-04-29,1610612754,IND,1610612761,TOR,1,6.0,-1.0,2.0,3.0,1.0,0.0,1.0,1.0,0.0,-1.0,-3.0,1.0,2.0,1.0,1.0,1.0,1.0
2026-06-11-series-context-v1,2015-16,41500117,2016-05-01,1610612754,IND,1610612761,TOR,0,7.0,0.0,3.0,3.0,1.0,1.0,0.0,0.0,0.0,1.0,18.0,2.0,1.0,1.0,1.0,1.0,1.0
2026-06-11-series-context-v1,2015-16,41500161,2016-04-16,1610612742,DAL,1610612760,OKC,0,1.0,0.0,0.0,0.0,0.0,0.0,0.0,0.0,0.0,0.0,0.0,0.0,0.0,0.0,0.0,0.0,0.0
2026-06-11-series-context-v1,2015-16,41500162,2016-04-18,1610612742,DAL,1610612760,OKC,1,2.0,-1.0,0.0,1.0,0.0,0.0,0.0,1.0,0.0,-1.0,-38.0,0.0,1.0,0.0,0.0,0.0,0.0
2026-06-11-series-context-v1,2015-16,41500163,2016-04-21,1610612742,DAL,1610612760,OKC,0,3.0,0.0,1.0,1.0,0.0,0.0,1.0,0.0,0.0,1.0,1.0,1.0,1.0,1.0,0.0,0.0,1.0
2026-06-11-series-context-v1,2015-16,41500164,2016-04-23,1610612742,DAL,1610612760,OKC,0,4.0,-1.0,1.0,2.0,0.0,0.0,1.0,1.0,0.0,-1.0,-29.0,1.0,2.0,1.0,1.0,1.0,1.0
2026-06-11-series-context-v1,2015-16,41500165,2016-04-25,1610612742,DAL,1610612760,OKC,0,5.0,-2.0,1.0,3.0,1.0,0.0,0.0,1.0,0.0,-1.0,-11.0,1.0,2.0,1.0,2.0,2.0,1.0
2026-06-11-series-context-v1,2015-16,41500171,2016-04-17,1610612746,LAC,1610612757,POR,1,1.0,0.0,0.0,0.0,0.0,0.0,1.0,0.0,0.0,0.0,0.0,0.0,0.0,0.0,0.0,0.0,0.0
2026-06-11-series-context-v1,2015-16,41500172,2016-04-20,1610612746,LAC,1610612757,POR,1,2.0,1.0,1.0,0.0,0.0,0.0,1.0,0.0,1.0,1.0,20.0,1.0,0.0,0.0,0.0,0.0,0.0
2026-06-11-series-context-v1,2015-16,41500173,2016-04-23,1610612746,LAC,1610612757,POR,0,3.0,2.0,2.0,0.0,0.0,0.0,0.0,0.0,1.0,1.0,21.0,2.0,0.0,0.0,0.0,0.0,0.0
2026-06-11-series-context-v1,2015-16,41500174,2016-04-25,1610612746,LAC,1610612757,POR,0,4.0,1.0,2.0,1.0,0.0,0.0,0.0,0.0,1.0,-1.0,-8.0,2.0,1.0,0.0,0.0,0.0,0.0
2026-06-11-series-context-v1,2015-16,41500175,2016-04-27,1610612746,LAC,1610612757,POR,0,5.0,0.0,2.0,2.0,0.0,0.0,1.0,0.0,0.0,-1.0,-14.0,1.0,2.0,0.0,0.0,0.0,0.0
2026-06-11-series-context-v1,2015-16,41500176,2016-04-29,1610612746,LAC,1610612757,POR,0,6.0,-1.0,2.0,3.0,1.0,0.0,0.0,1.0,0.0,-1.0,-10.0,0.0,3.0,0.0,1.0,1.0,0.0
2026-06-11-series-context-v1,2015-16,41500121,2016-04-17,1610612748,MIA,1610612766,CHA,1,1.0,0.0,0.0,0.0,0.0,0.0,1.0,0.0,0.0,0.0,0.0,0.0,0.0,0.0,0.0,0.0,0.0
2026-06-11-series-context-v1,2015-16,41500122,2016-04-20,1610612748,MIA,1610612766,CHA,1,2.0,1.0,1.0,0.0,0.0,0.0,1.0,0.0,1.0,1.0,32.0,1.0,0.0,0.0,0.0,0.0,0.0
2026-06-11-series-context-v1,2015-16,41500123,2016-04-23,1610612748,MIA,1610612766,CHA,0,3.0,2.0,2.0,0.0,0.0,0.0,0.0,0.0,1.0,1.0,12.0,2.0,0.0,0.0,0.0,0.0,0.0
2026-06-11-series-context-v1,2015-16,41500124,2016-04-25,1610612748,MIA,1610612766,CHA,0,4.0,1.0,2.0,1.0,0.0,0.0,0.0,0.0,1.0,-1.0,-16.0,2.0,1.0,0.0,0.0,0.0,0.0
2026-06-11-series-context-v1,2015-16,41500125,2016-04-27,1610612748,MIA,1610612766,CHA,0,5.0,0.0,2.0,2.0,0.0,0.0,1.0,0.0,0.0,-1.0,-4.0,1.0,2.0,0.0,0.0,0.0,0.0
2026-06-11-series-context-v1,2015-16,41500126,2016-04-29,1610612748,MIA,1610612766,CHA,1,6.0,-1.0,2.0,3.0,1.0,0.0,0.0,1.0,0.0,-1.0,-2.0,0.0,3.0,0.0,1.0,1.0,0.0
2026-06-11-series-context-v1,2015-16,41500127,2016-05-01,1610612748,MIA,1610612766,CHA,1,7.0,0.0,3.0,3.0,1.0,1.0,1.0,0.0,0.0,1.0,7.0,1.0,2.0,1.0,1.0,1.0,1.0
2026-06-11-series-context-v1,2015-16,41500151,2016-04-17,1610612759,SAS,1610612763,MEM,1,1.0,0.0,0.0,0.0,0.0,0.0,1.0,0.0,0.0,0.0,0.0,0.0,0.0,0.0,0.0,0.0,0.0
2026-06-11-series-context-v1,2015-16,41500152,2016-04-19,1610612759,SAS,1610612763,MEM,1,2.0,1.0,1.0,0.0,0.0,0.0,1.0,0.0,1.0,1.0,32.0,1.0,0.0,0.0,0.0,0.0,0.0
2026-06-11-series-context-v1,2015-16,41500153,2016-04-22,1610612759,SAS,1610612763,MEM,1,3.0,2.0,2.0,0.0,0.0,0.0,0.0,0.0,1.0,1.0,26.0,2.0,0.0,0.0,0.0,0.0,0.0
2026-06-11-series-context-v1,2015-16,41500154,2016-04-24,1610612759,SAS,1610612763,MEM,1,4.0,3.0,3.0,0.0,0.0,1.0,0.0,0.0,1.0,1.0,9.0,3.0,0.0,1.0,0.0,0.0,1.0
2026-06-11-series-context-v1,2015-16,41500101,2016-04-17,1610612739,CLE,1610612765,DET,1,1.0,0.0,0.0,0.0,0.0,0.0,1.0,0.0,0.0,0.0,0.0,0.0,0.0,0.0,0.0,0.0,0.0
2026-06-11-series-context-v1,2015-16,41500102,2016-04-20,1610612739,CLE,1610612765,DET,1,2.0,1.0,1.0,0.0,0.0,0.0,1.0,0.0,1.0,1.0,5.0,1.0,0.0,0.0,0.0,0.0,0.0
2026-06-11-series-context-v1,2015-16,41500103,2016-04-22,1610612739,CLE,1610612765,DET,1,3.0,2.0,2.0,0.0,0.0,0.0,0.0,0.0,1.0,1.0,17.0,2.0,0.0,0.0,0.0,0.0,0.0
2026-06-11-series-context-v1,2015-16,41500104,2016-04-24,1610612739,CLE,1610612765,DET,1,4.0,3.0,3.0,0.0,0.0,1.0,0.0,0.0,1.0,1.0,10.0,3.0,0.0,1.0,0.0,0.0,1.0
2026-06-11-series-context-v1,2015-16,41500231,2016-04-30,1610612759,SAS,1610612760,OKC,1,1.0,0.0,0.0,0.0,0.0,0.0,1.0,0.0,0.0,0.0,0.0,0.0,0.0,0.0,0.0,0.0,0.0
2026-06-11-series-context-v1,2015-16,41500232,2016-05-02,1610612759,SAS,1610612760,OKC,0,2.0,1.0,1.0,0.0,0.0,0.0,1.0,0.0,1.0,1.0,32.0,1.0,0.0,0.0,0.0,0.0,0.0
2026-06-11-series-context-v1,2015-16,41500233,2016-05-06,1610612759,SAS,1610612760,OKC,1,3.0,0.0,1.0,1.0,0.0,0.0,0.0,0.0,0.0,-1.0,-1.0,1.0,1.0,0.0,1.0,1.0,0.0
2026-06-11-series-context-v1,2015-16,41500234,2016-05-08,1610612759,SAS,1610612760,OKC,0,4.0,1.0,2.0,1.0,0.0,0.0,0.0,0.0,1.0,1.0,4.0,2.0,1.0,1.0,1.0,1.0,1.0
2026-06-11-series-context-v1,2015-16,41500235,2016-05-10,1610612759,SAS,1610612760,OKC,0,5.0,0.0,2.0,2.0,0.0,0.0,1.0,0.0,0.0,-1.0,-14.0,1.0,2.0,1.0,1.0,1.0,1.0
2026-06-11-series-context-v1,2015-16,41500236,2016-05-12,1610612759,SAS,1610612760,OKC,0,6.0,-1.0,2.0,3.0,1.0,0.0,0.0,1.0,0.0,-1.0,-4.0,1.0,2.0,1.0,2.0,2.0,1.0
2026-06-11-series-context-v1,2015-16,41500221,2016-05-01,1610612744,GSW,1610612757,POR,1,1.0,0.0,0.0,0.0,0.0,0.0,1.0,0.0,0.0,0.0,0.0,0.0,0.0,0.0,0.0,0.0,0.0
2026-06-11-series-context-v1,2015-16,41500222,2016-05-03,1610612744,GSW,1610612757,POR,1,2.0,1.0,1.0,0.0,0.0,0.0,1.0,0.0,1.0,1.0,12.0,1.0,0.0,0.0,0.0,0.0,0.0
2026-06-11-series-context-v1,2015-16,41500223,2016-05-07,1610612744,GSW,1610612757,POR,0,3.0,2.0,2.0,0.0,0.0,0.0,0.0,0.0,1.0,1.0,11.0,2.0,0.0,0.0,0.0,0.0,0.0
2026-06-11-series-context-v1,2015-16,41500224,2016-05-09,1610612744,GSW,1610612757,POR,1,4.0,1.0,2.0,1.0,0.0,0.0,0.0,0.0,1.0,-1.0,-12.0,2.0,1.0,0.0,0.0,0.0,0.0
2026-06-11-series-context-v1,2015-16,41500225,2016-05-11,1610612744,GSW,1610612757,POR,1,5.0,2.0,3.0,1.0,0.0,1.0,1.0,0.0,1.0,1.0,7.0,2.0,1.0,1.0,0.0,0.0,1.0
2026-06-11-series-context-v1,2015-16,41500201,2016-05-02,1610612737,ATL,1610612739,CLE,0,1.0,0.0,0.0,0.0,0.0,0.0,0.0,0.0,0.0,0.0,0.0,0.0,0.0,0.0,0.0,0.0,0.0
2026-06-11-series-context-v1,2015-16,41500202,2016-05-04,1610612737,ATL,1610612739,CLE,0,2.0,-1.0,0.0,1.0,0.0,0.0,0.0,1.0,0.0,-1.0,-11.0,0.0,1.0,0.0,0.0,0.0,0.0
2026-06-11-series-context-v1,2015-16,41500203,2016-05-06,1610612737,ATL,1610612739,CLE,0,3.0,-2.0,0.0,2.0,0.0,0.0,1.0,1.0,0.0,-1.0,-25.0,0.0,2.0,0.0,0.0,0.0,0.0
2026-06-11-series-context-v1,2015-16,41500204,2016-05-08,1610612737,ATL,1610612739,CLE,0,4.0,-3.0,0.0,3.0,1.0,0.0,1.0,1.0,0.0,-1.0,-13.0,0.0,3.0,0.0,1.0,1.0,0.0
2026-06-11-series-context-v1,2015-16,41500211,2016-05-03,1610612748,MIA,1610612761,TOR,1,1.0,0.0,0.0,0.0,0.0,0.0,0.0,0.0,0.0,0.0,0.0,0.0,0.0,0.0,0.0,0.0,0.0
2026-06-11-series-context-v1,2015-16,41500212,2016-05-05,1610612748,MIA,1610612761,TOR,0,2.0,1.0,1.0,0.0,0.0,0.0,0.0,0.0,1.0,1.0,6.0,1.0,0.0,1.0,0.0,0.0,1.0
2026-06-11-series-context-v1,2015-16,41500213,2016-05-07,1610612748,MIA,1610612761,TOR,0,3.0,0.0,1.0,1.0,0.0,0.0,1.0,0.0,0.0,-1.0,-4.0,1.0,1.0,1.0,0.0,0.0,1.0
2026-06-11-series-context-v1,2015-16,41500214,2016-05-09,1610612748,MIA,1610612761,TOR,1,4.0,-1.0,1.0,2.0,0.0,0.0,1.0,1.0,0.0,-1.0,-4.0,1.0,2.0,1.0,1.0,1.0,1.0
2026-06-11-series-context-v1,2015-16,41500215,2016-05-11,1610612748,MIA,1610612761,TOR,0,5.0,0.0,2.0,2.0,0.0,0.0,0.0,0.0,0.0,1.0,7.0,1.0,2.0,1.0,1.0,1.0,1.0
2026-06-11-series-context-v1,2015-16,41500216,2016-05-13,1610612748,MIA,1610612761,TOR,1,6.0,-1.0,2.0,3.0,1.0,0.0,1.0,1.0,0.0,-1.0,-8.0,1.0,2.0,1.0,1.0,1.0,1.0
2026-06-11-series-context-v1,2015-16,41500217,2016-05-15,1610612748,MIA,1610612761,TOR,0,7.0,0.0,3.0,3.0,1.0,1.0,0.0,0.0,0.0,1.0,12.0,2.0,1.0,1.0,1.0,1.0,1.0
2026-06-11-series-context-v1,2015-16,41500311,2016-05-16,1610612744,GSW,1610612760,OKC,0,1.0,0.0,0.0,0.0,0.0,0.0,1.0,0.0,0.0,0.0,0.0,0.0,0.0,0.0,0.0,0.0,0.0
2026-06-11-series-context-v1,2015-16,41500312,2016-05-18,1610612744,GSW,1610612760,OKC,1,2.0,-1.0,0.0,1.0,0.0,0.0,1.0,1.0,0.0,-1.0,-6.0,0.0,1.0,0.0,1.0,1.0,0.0
2026-06-11-series-context-v1,2015-16,41500313,2016-05-22,1610612744,GSW,1610612760,OKC,0,3.0,0.0,1.0,1.0,0.0,0.0,0.0,0.0,0.0,1.0,27.0,1.0,1.0,0.0,1.0,1.0,0.0
2026-06-11-series-context-v1,2015-16,41500314,2016-05-24,1610612744,GSW,1610612760,OKC,0,4.0,-1.0,1.0,2.0,0.0,0.0,0.0,1.0,0.0,-1.0,-28.0,1.0,2.0,0.0,1.0,1.0,0.0
2026-06-11-series-context-v1,2015-16,41500315,2016-05-26,1610612744,GSW,1610612760,OKC,1,5.0,-2.0,1.0,3.0,1.0,0.0,1.0,1.0,0.0,-1.0,-24.0,1.0,2.0,0.0,1.0,1.0,0.0
2026-06-11-series-context-v1,2015-16,41500316,2016-05-28,1610612744,GSW,1610612760,OKC,1,6.0,-1.0,2.0,3.0,1.0,0.0,0.0,1.0,0.0,1.0,9.0,1.0,2.0,0.0,1.0,1.0,0.0
2026-06-11-series-context-v1,2015-16,41500317,2016-05-30,1610612744,GSW,1610612760,OKC,1,7.0,0.0,3.0,3.0,1.0,1.0,1.0,0.0,0.0,1.0,7.0,2.0,1.0,1.0,1.0,1.0,1.0
2026-06-11-series-context-v1,2015-16,41500301,2016-05-17,1610612739,CLE,1610612761,TOR,1,1.0,0.0,0.0,0.0,0.0,0.0,1.0,0.0,0.0,0.0,0.0,0.0,0.0,0.0,0.0,0.0,0.0
2026-06-11-series-context-v1,2015-16,41500302,2016-05-19,1610612739,CLE,1610612761,TOR,1,2.0,1.0,1.0,0.0,0.0,0.0,1.0,0.0,1.0,1.0,31.0,1.0,0.0,0.0,0.0,0.0,0.0
2026-06-11-series-context-v1,2015-16,41500303,2016-05-21,1610612739,CLE,1610612761,TOR,0,3.0,2.0,2.0,0.0,0.0,0.0,0.0,0.0,1.0,1.0,19.0,2.0,0.0,0.0,0.0,0.0,0.0
2026-06-11-series-context-v1,2015-16,41500304,2016-05-23,1610612739,CLE,1610612761,TOR,0,4.0,1.0,2.0,1.0,0.0,0.0,0.0,0.0,1.0,-1.0,-15.0,2.0,1.0,0.0,0.0,0.0,0.0
2026-06-11-series-context-v1,2015-16,41500305,2016-05-25,1610612739,CLE,1610612761,TOR,1,5.0,0.0,2.0,2.0,0.0,0.0,1.0,0.0,0.0,-1.0,-6.0,1.0,2.0,0.0,0.0,0.0,0.0
2026-06-11-series-context-v1,2015-16,41500306,2016-05-27,1610612739,CLE,1610612761,TOR,1,6.0,1.0,3.0,2.0,0.0,1.0,0.0,0.0,1.0,1.0,38.0,1.0,2.0,0.0,0.0,0.0,0.0
2026-06-11-series-context-v1,2015-16,41500401,2016-06-02,1610612739,CLE,1610612744,GSW,0,1.0,0.0,0.0,0.0,0.0,0.0,0.0,0.0,0.0,0.0,0.0,0.0,0.0,0.0,0.0,0.0,0.0
2026-06-11-series-context-v1,2015-16,41500402,2016-06-05,1610612739,CLE,1610612744,GSW,0,2.0,-1.0,0.0,1.0,0.0,0.0,0.0,1.0,0.0,-1.0,-15.0,0.0,1.0,0.0,0.0,0.0,0.0
2026-06-11-series-context-v1,2015-16,41500403,2016-06-08,1610612739,CLE,1610612744,GSW,1,3.0,-2.0,0.0,2.0,0.0,0.0,1.0,1.0,0.0,-1.0,-33.0,0.0,2.0,0.0,0.0,0.0,0.0
2026-06-11-series-context-v1,2015-16,41500404,2016-06-10,1610612739,CLE,1610612744,GSW,0,4.0,-1.0,1.0,2.0,0.0,0.0,1.0,1.0,0.0,1.0,30.0,1.0,2.0,0.0,0.0,0.0,0.0
2026-06-11-series-context-v1,2015-16,41500405,2016-06-13,1610612739,CLE,1610612744,GSW,1,5.0,-2.0,1.0,3.0,1.0,0.0,0.0,1.0,0.0,-1.0,-11.0,1.0,2.0,0.0,1.0,1.0,0.0
2026-06-11-series-context-v1,2015-16,41500406,2016-06-16,1610612739,CLE,1610612744,GSW,1,6.0,-1.0,2.0,3.0,1.0,0.0,1.0,1.0,0.0,1.0,15.0,2.0,1.0,1.0,1.0,1.0,1.0
2026-06-11-series-context-v1,2015-16,41500407,2016-06-19,1610612739,CLE,1610612744,GSW,1,7.0,0.0,3.0,3.0,1.0,1.0,0.0,0.0,0.0,1.0,14.0,2.0,1.0,1.0,1.0,1.0,1.0
2026-06-11-series-context-v1,2016-17,41600171,2017-04-15,1610612746,LAC,1610612762,UTA,0,1.0,0.0,0.0,0.0,0.0,0.0,1.0,0.0,0.0,0.0,0.0,0.0,0.0,0.0,0.0,0.0,0.0
2026-06-11-series-context-v1,2016-17,41600172,2017-04-18,1610612746,LAC,1610612762,UTA,1,2.0,-1.0,0.0,1.0,0.0,0.0,1.0,1.0,0.0,-1.0,-2.0,0.0,1.0,0.0,1.0,1.0,0.0
2026-06-11-series-context-v1,2016-17,41600173,2017-04-21,1610612746,LAC,1610612762,UTA,1,3.0,0.0,1.0,1.0,0.0,0.0,0.0,0.0,0.0,1.0,8.0,1.0,1.0,0.0,1.0,1.0,0.0
2026-06-11-series-context-v1,2016-17,41600174,2017-04-23,1610612746,LAC,1610612762,UTA,0,4.0,1.0,2.0,1.0,0.0,0.0,0.0,0.0,1.0,1.0,5.0,2.0,1.0,1.0,1.0,1.0,1.0
2026-06-11-series-context-v1,2016-17,41600175,2017-04-25,1610612746,LAC,1610612762,UTA,0,5.0,0.0,2.0,2.0,0.0,0.0,1.0,0.0,0.0,-1.0,-7.0,2.0,1.0,1.0,1.0,1.0,1.0
2026-06-11-series-context-v1,2016-17,41600176,2017-04-28,1610612746,LAC,1610612762,UTA,1,6.0,-1.0,2.0,3.0,1.0,0.0,0.0,1.0,0.0,-1.0,-4.0,1.0,2.0,1.0,2.0,2.0,1.0
2026-06-11-series-context-v1,2016-17,41600177,2017-04-30,1610612746,LAC,1610612762,UTA,0,7.0,0.0,3.0,3.0,1.0,1.0,1.0,0.0,0.0,1.0,5.0,1.0,2.0,2.0,2.0,2.0,2.0
2026-06-11-series-context-v1,2016-17,41600121,2017-04-15,1610612749,MIL,1610612761,TOR,1,1.0,0.0,0.0,0.0,0.0,0.0,0.0,0.0,0.0,0.0,0.0,0.0,0.0,0.0,0.0,0.0,0.0
2026-06-11-series-context-v1,2016-17,41600122,2017-04-18,1610612749,MIL,1610612761,TOR,0,2.0,1.0,1.0,0.0,0.0,0.0,0.0,0.0,1.0,1.0,14.0,1.0,0.0,1.0,0.0,0.0,1.0
2026-06-11-series-context-v1,2016-17,41600123,2017-04-20,1610612749,MIL,1610612761,TOR,1,3.0,0.0,1.0,1.0,0.0,0.0,1.0,0.0,0.0,-1.0,-6.0,1.0,1.0,1.0,0.0,0.0,1.0
2026-06-11-series-context-v1,2016-17,41600124,2017-04-22,1610612749,MIL,1610612761,TOR,0,4.0,1.0,2.0,1.0,0.0,0.0,1.0,0.0,1.0,1.0,27.0,2.0,1.0,1.0,0.0,0.0,1.0
2026-06-11-series-context-v1,2016-17,41600125,2017-04-24,1610612749,MIL,1610612761,TOR,0,5.0,0.0,2.0,2.0,0.0,0.0,0.0,0.0,0.0,-1.0,-11.0,1.0,2.0,1.0,1.0,1.0,1.0
2026-06-11-series-context-v1,2016-17,41600126,2017-04-27,1610612749,MIL,1610612761,TOR,0,6.0,-1.0,2.0,3.0,1.0,0.0,1.0,1.0,0.0,-1.0,-25.0,1.0,2.0,1.0,1.0,1.0,1.0
2026-06-11-series-context-v1,2016-17,41600111,2017-04-15,1610612739,CLE,1610612754,IND,1,1.0,0.0,0.0,0.0,0.0,0.0,1.0,0.0,0.0,0.0,0.0,0.0,0.0,0.0,0.0,0.0,0.0
2026-06-11-series-context-v1,2016-17,41600112,2017-04-17,1610612739,CLE,1610612754,IND,1,2.0,1.0,1.0,0.0,0.0,0.0,1.0,0.0,1.0,1.0,1.0,1.0,0.0,0.0,0.0,0.0,0.0
2026-06-11-series-context-v1,2016-17,41600113,2017-04-20,1610612739,CLE,1610612754,IND,1,3.0,2.0,2.0,0.0,0.0,0.0,0.0,0.0,1.0,1.0,6.0,2.0,0.0,0.0,0.0,0.0,0.0
2026-06-11-series-context-v1,2016-17,41600114,2017-04-23,1610612739,CLE,1610612754,IND,1,4.0,3.0,3.0,0.0,0.0,1.0,0.0,0.0,1.0,1.0,5.0,3.0,0.0,1.0,0.0,0.0,1.0
2026-06-11-series-context-v1,2016-17,41600151,2017-04-15,1610612759,SAS,1610612763,MEM,1,1.0,0.0,0.0,0.0,0.0,0.0,1.0,0.0,0.0,0.0,0.0,0.0,0.0,0.0,0.0,0.0,0.0
2026-06-11-series-context-v1,2016-17,41600152,2017-04-17,1610612759,SAS,1610612763,MEM,1,2.0,1.0,1.0,0.0,0.0,0.0,1.0,0.0,1.0,1.0,29.0,1.0,0.0,0.0,0.0,0.0,0.0
2026-06-11-series-context-v1,2016-17,41600153,2017-04-20,1610612759,SAS,1610612763,MEM,0,3.0,2.0,2.0,0.0,0.0,0.0,0.0,0.0,1.0,1.0,14.0,2.0,0.0,0.0,0.0,0.0,0.0
2026-06-11-series-context-v1,2016-17,41600154,2017-04-22,1610612759,SAS,1610612763,MEM,0,4.0,1.0,2.0,1.0,0.0,0.0,0.0,0.0,1.0,-1.0,-11.0,2.0,1.0,0.0,0.0,0.0,0.0
2026-06-11-series-context-v1,2016-17,41600155,2017-04-25,1610612759,SAS,1610612763,MEM,1,5.0,0.0,2.0,2.0,0.0,0.0,1.0,0.0,0.0,-1.0,-2.0,1.0,2.0,0.0,0.0,0.0,0.0
2026-06-11-series-context-v1,2016-17,41600156,2017-04-27,1610612759,SAS,1610612763,MEM,1,6.0,1.0,3.0,2.0,0.0,1.0,0.0,0.0,1.0,1.0,13.0,1.0,2.0,0.0,0.0,0.0,0.0
2026-06-11-series-context-v1,2016-17,41600141,2017-04-16,1610612744,GSW,1610612757,POR,1,1.0,0.0,0.0,0.0,0.0,0.0,1.0,0.0,0.0,0.0,0.0,0.0,0.0,0.0,0.0,0.0,0.0
2026-06-11-series-context-v1,2016-17,41600142,2017-04-19,1610612744,GSW,1610612757,POR,1,2.0,1.0,1.0,0.0,0.0,0.0,1.0,0.0,1.0,1.0,12.0,1.0,0.0,0.0,0.0,0.0,0.0
2026-06-11-series-context-v1,2016-17,41600143,2017-04-22,1610612744,GSW,1610612757,POR,1,3.0,2.0,2.0,0.0,0.0,0.0,0.0,0.0,1.0,1.0,29.0,2.0,0.0,0.0,0.0,0.0,0.0
2026-06-11-series-context-v1,2016-17,41600144,2017-04-24,1610612744,GSW,1610612757,POR,1,4.0,3.0,3.0,0.0,0.0,1.0,0.0,0.0,1.0,1.0,6.0,3.0,0.0,1.0,0.0,0.0,1.0
2026-06-11-series-context-v1,2016-17,41600161,2017-04-16,1610612745,HOU,1610612760,OKC,1,1.0,0.0,0.0,0.0,0.0,0.0,1.0,0.0,0.0,0.0,0.0,0.0,0.0,0.0,0.0,0.0,0.0
2026-06-11-series-context-v1,2016-17,41600162,2017-04-19,1610612745,HOU,1610612760,OKC,1,2.0,1.0,1.0,0.0,0.0,0.0,1.0,0.0,1.0,1.0,31.0,1.0,0.0,0.0,0.0,0.0,0.0
2026-06-11-series-context-v1,2016-17,41600163,2017-04-21,1610612745,HOU,1610612760,OKC,0,3.0,2.0,2.0,0.0,0.0,0.0,0.0,0.0,1.0,1.0,4.0,2.0,0.0,0.0,0.0,0.0,0.0
2026-06-11-series-context-v1,2016-17,41600164,2017-04-23,1610612745,HOU,1610612760,OKC,1,4.0,1.0,2.0,1.0,0.0,0.0,0.0,0.0,1.0,-1.0,-2.0,2.0,1.0,0.0,0.0,0.0,0.0
2026-06-11-series-context-v1,2016-17,41600165,2017-04-25,1610612745,HOU,1610612760,OKC,1,5.0,2.0,3.0,1.0,0.0,1.0,1.0,0.0,1.0,1.0,4.0,2.0,1.0,1.0,0.0,0.0,1.0
2026-06-11-series-context-v1,2016-17,41600131,2017-04-16,1610612737,ATL,1610612764,WAS,0,1.0,0.0,0.0,0.0,0.0,0.0,0.0,0.0,0.0,0.0,0.0,0.0,0.0,0.0,0.0,0.0,0.0
2026-06-11-series-context-v1,2016-17,41600132,2017-04-19,1610612737,ATL,1610612764,WAS,0,2.0,-1.0,0.0,1.0,0.0,0.0,0.0,1.0,0.0,-1.0,-7.0,0.0,1.0,0.0,0.0,0.0,0.0
2026-06-11-series-context-v1,2016-17,41600133,2017-04-22,1610612737,ATL,1610612764,WAS,1,3.0,-2.0,0.0,2.0,0.0,0.0,1.0,1.0,0.0,-1.0,-8.0,0.0,2.0,0.0,0.0,0.0,0.0
2026-06-11-series-context-v1,2016-17,41600134,2017-04-24,1610612737,ATL,1610612764,WAS,1,4.0,-1.0,1.0,2.0,0.0,0.0,1.0,1.0,0.0,1.0,18.0,1.0,2.0,0.0,0.0,0.0,0.0
2026-06-11-series-context-v1,2016-17,41600135,2017-04-26,1610612737,ATL,1610612764,WAS,0,5.0,0.0,2.0,2.0,0.0,0.0,0.0,0.0,0.0,1.0,10.0,2.0,1.0,0.0,0.0,0.0,0.0
2026-06-11-series-context-v1,2016-17,41600136,2017-04-28,1610612737,ATL,1610612764,WAS,0,6.0,-1.0,2.0,3.0,1.0,0.0,1.0,1.0,0.0,-1.0,-4.0,2.0,1.0,0.0,0.0,0.0,0.0
2026-06-11-series-context-v1,2016-17,41600101,2017-04-16,1610612738,BOS,1610612741,CHI,0,1.0,0.0,0.0,0.0,0.0,0.0,1.0,0.0,0.0,0.0,0.0,0.0,0.0,0.0,0.0,0.0,0.0
2026-06-11-series-context-v1,2016-17,41600102,2017-04-18,1610612738,BOS,1610612741,CHI,0,2.0,-1.0,0.0,1.0,0.0,0.0,1.0,1.0,0.0,-1.0,-4.0,0.0,1.0,0.0,1.0,1.0,0.0
2026-06-11-series-context-v1,2016-17,41600103,2017-04-21,1610612738,BOS,1610612741,CHI,1,3.0,-2.0,0.0,2.0,0.0,0.0,0.0,1.0,0.0,-1.0,-14.0,0.0,2.0,0.0,2.0,2.0,0.0
2026-06-11-series-context-v1,2016-17,41600104,2017-04-23,1610612738,BOS,1610612741,CHI,1,4.0,-1.0,1.0,2.0,0.0,0.0,0.0,1.0,0.0,1.0,17.0,1.0,2.0,1.0,2.0,2.0,1.0
2026-06-11-series-context-v1,2016-17,41600105,2017-04-26,1610612738,BOS,1610612741,CHI,1,5.0,0.0,2.0,2.0,0.0,0.0,1.0,0.0,0.0,1.0,9.0,2.0,1.0,2.0,2.0,2.0,2.0
2026-06-11-series-context-v1,2016-17,41600106,2017-04-28,1610612738,BOS,1610612741,CHI,1,6.0,1.0,3.0,2.0,0.0,1.0,0.0,0.0,1.0,1.0,11.0,3.0,0.0,2.0,2.0,2.0,2.0
2026-06-11-series-context-v1,2016-17,41600201,2017-04-30,1610612738,BOS,1610612764,WAS,1,1.0,0.0,0.0,0.0,0.0,0.0,1.0,0.0,0.0,0.0,0.0,0.0,0.0,0.0,0.0,0.0,0.0
2026-06-11-series-context-v1,2016-17,41600202,2017-05-02,1610612738,BOS,1610612764,WAS,1,2.0,1.0,1.0,0.0,0.0,0.0,1.0,0.0,1.0,1.0,12.0,1.0,0.0,0.0,0.0,0.0,0.0
2026-06-11-series-context-v1,2016-17,41600203,2017-05-04,1610612738,BOS,1610612764,WAS,0,3.0,2.0,2.0,0.0,0.0,0.0,0.0,0.0,1.0,1.0,10.0,2.0,0.0,0.0,0.0,0.0,0.0
2026-06-11-series-context-v1,2016-17,41600204,2017-05-07,1610612738,BOS,1610612764,WAS,0,4.0,1.0,2.0,1.0,0.0,0.0,0.0,0.0,1.0,-1.0,-27.0,2.0,1.0,0.0,0.0,0.0,0.0
2026-06-11-series-context-v1,2016-17,41600205,2017-05-10,1610612738,BOS,1610612764,WAS,1,5.0,0.0,2.0,2.0,0.0,0.0,1.0,0.0,0.0,-1.0,-19.0,1.0,2.0,0.0,0.0,0.0,0.0
2026-06-11-series-context-v1,2016-17,41600206,2017-05-12,1610612738,BOS,1610612764,WAS,0,6.0,1.0,3.0,2.0,0.0,1.0,0.0,0.0,1.0,1.0,22.0,1.0,2.0,0.0,0.0,0.0,0.0
2026-06-11-series-context-v1,2016-17,41600207,2017-05-15,1610612738,BOS,1610612764,WAS,1,7.0,0.0,3.0,3.0,1.0,1.0,1.0,0.0,0.0,-1.0,-1.0,1.0,2.0,0.0,0.0,0.0,0.0
2026-06-11-series-context-v1,2016-17,41600211,2017-05-01,1610612739,CLE,1610612761,TOR,1,1.0,0.0,0.0,0.0,0.0,0.0,1.0,0.0,0.0,0.0,0.0,0.0,0.0,0.0,0.0,0.0,0.0
2026-06-11-series-context-v1,2016-17,41600212,2017-05-03,1610612739,CLE,1610612761,TOR,1,2.0,1.0,1.0,0.0,0.0,0.0,1.0,0.0,1.0,1.0,11.0,1.0,0.0,0.0,0.0,0.0,0.0
2026-06-11-series-context-v1,2016-17,41600213,2017-05-05,1610612739,CLE,1610612761,TOR,1,3.0,2.0,2.0,0.0,0.0,0.0,0.0,0.0,1.0,1.0,22.0,2.0,0.0,0.0,0.0,0.0,0.0
2026-06-11-series-context-v1,2016-17,41600214,2017-05-07,1610612739,CLE,1610612761,TOR,1,4.0,3.0,3.0,0.0,0.0,1.0,0.0,0.0,1.0,1.0,21.0,3.0,0.0,1.0,0.0,0.0,1.0
2026-06-11-series-context-v1,2016-17,41600231,2017-05-01,1610612745,HOU,1610612759,SAS,1,1.0,0.0,0.0,0.0,0.0,0.0,0.0,0.0,0.0,0.0,0.0,0.0,0.0,0.0,0.0,0.0,0.0
2026-06-11-series-context-v1,2016-17,41600232,2017-05-03,1610612745,HOU,1610612759,SAS,0,2.0,1.0,1.0,0.0,0.0,0.0,0.0,0.0,1.0,1.0,27.0,1.0,0.0,1.0,0.0,0.0,1.0
2026-06-11-series-context-v1,2016-17,41600233,2017-05-05,1610612745,HOU,1610612759,SAS,0,3.0,0.0,1.0,1.0,0.0,0.0,1.0,0.0,0.0,-1.0,-25.0,1.0,1.0,1.0,0.0,0.0,1.0
2026-06-11-series-context-v1,2016-17,41600234,2017-05-07,1610612745,HOU,1610612759,SAS,1,4.0,-1.0,1.0,2.0,0.0,0.0,1.0,1.0,0.0,-1.0,-11.0,1.0,2.0,1.0,1.0,1.0,1.0
2026-06-11-series-context-v1,2016-17,41600235,2017-05-09,1610612745,HOU,1610612759,SAS,0,5.0,0.0,2.0,2.0,0.0,0.0,0.0,0.0,0.0,1.0,21.0,1.0,2.0,1.0,1.0,1.0,1.0
2026-06-11-series-context-v1,2016-17,41600236,2017-05-11,1610612745,HOU,1610612759,SAS,0,6.0,-1.0,2.0,3.0,1.0,0.0,1.0,1.0,0.0,-1.0,-3.0,1.0,2.0,1.0,1.0,1.0,1.0
2026-06-11-series-context-v1,2016-17,41600221,2017-05-02,1610612744,GSW,1610612762,UTA,1,1.0,0.0,0.0,0.0,0.0,0.0,1.0,0.0,0.0,0.0,0.0,0.0,0.0,0.0,0.0,0.0,0.0
2026-06-11-series-context-v1,2016-17,41600222,2017-05-04,1610612744,GSW,1610612762,UTA,1,2.0,1.0,1.0,0.0,0.0,0.0,1.0,0.0,1.0,1.0,12.0,1.0,0.0,0.0,0.0,0.0,0.0
2026-06-11-series-context-v1,2016-17,41600223,2017-05-06,1610612744,GSW,1610612762,UTA,1,3.0,2.0,2.0,0.0,0.0,0.0,0.0,0.0,1.0,1.0,11.0,2.0,0.0,0.0,0.0,0.0,0.0
2026-06-11-series-context-v1,2016-17,41600224,2017-05-08,1610612744,GSW,1610612762,UTA,1,4.0,3.0,3.0,0.0,0.0,1.0,0.0,0.0,1.0,1.0,11.0,3.0,0.0,1.0,0.0,0.0,1.0
2026-06-11-series-context-v1,2016-17,41600311,2017-05-14,1610612744,GSW,1610612759,SAS,1,1.0,0.0,0.0,0.0,0.0,0.0,1.0,0.0,0.0,0.0,0.0,0.0,0.0,0.0,0.0,0.0,0.0
2026-06-11-series-context-v1,2016-17,41600312,2017-05-16,1610612744,GSW,1610612759,SAS,1,2.0,1.0,1.0,0.0,0.0,0.0,1.0,0.0,1.0,1.0,2.0,1.0,0.0,0.0,0.0,0.0,0.0
2026-06-11-series-context-v1,2016-17,41600313,2017-05-20,1610612744,GSW,1610612759,SAS,1,3.0,2.0,2.0,0.0,0.0,0.0,0.0,0.0,1.0,1.0,36.0,2.0,0.0,0.0,0.0,0.0,0.0
2026-06-11-series-context-v1,2016-17,41600314,2017-05-22,1610612744,GSW,1610612759,SAS,1,4.0,3.0,3.0,0.0,0.0,1.0,0.0,0.0,1.0,1.0,12.0,3.0,0.0,1.0,0.0,0.0,1.0
2026-06-11-series-context-v1,2016-17,41600301,2017-05-17,1610612738,BOS,1610612739,CLE,0,1.0,0.0,0.0,0.0,0.0,0.0,1.0,0.0,0.0,0.0,0.0,0.0,0.0,0.0,0.0,0.0,0.0
2026-06-11-series-context-v1,2016-17,41600302,2017-05-19,1610612738,BOS,1610612739,CLE,0,2.0,-1.0,0.0,1.0,0.0,0.0,1.0,1.0,0.0,-1.0,-13.0,0.0,1.0,0.0,1.0,1.0,0.0
2026-06-11-series-context-v1,2016-17,41600303,2017-05-21,1610612738,BOS,1610612739,CLE,1,3.0,-2.0,0.0,2.0,0.0,0.0,0.0,1.0,0.0,-1.0,-44.0,0.0,2.0,0.0,2.0,2.0,0.0
2026-06-11-series-context-v1,2016-17,41600304,2017-05-23,1610612738,BOS,1610612739,CLE,0,4.0,-1.0,1.0,2.0,0.0,0.0,0.0,1.0,0.0,1.0,3.0,1.0,2.0,1.0,2.0,2.0,1.0
2026-06-11-series-context-v1,2016-17,41600305,2017-05-25,1610612738,BOS,1610612739,CLE,0,5.0,-2.0,1.0,3.0,1.0,0.0,1.0,1.0,0.0,-1.0,-13.0,1.0,2.0,1.0,2.0,2.0,1.0
2026-06-11-series-context-v1,2016-17,41600401,2017-06-01,1610612739,CLE,1610612744,GSW,0,1.0,0.0,0.0,0.0,0.0,0.0,0.0,0.0,0.0,0.0,0.0,0.0,0.0,0.0,0.0,0.0,0.0
2026-06-11-series-context-v1,2016-17,41600402,2017-06-04,1610612739,CLE,1610612744,GSW,0,2.0,-1.0,0.0,1.0,0.0,0.0,0.0,1.0,0.0,-1.0,-22.0,0.0,1.0,0.0,0.0,0.0,0.0
2026-06-11-series-context-v1,2016-17,41600403,2017-06-07,1610612739,CLE,1610612744,GSW,0,3.0,-2.0,0.0,2.0,0.0,0.0,1.0,1.0,0.0,-1.0,-19.0,0.0,2.0,0.0,0.0,0.0,0.0
2026-06-11-series-context-v1,2016-17,41600404,2017-06-09,1610612739,CLE,1610612744,GSW,1,4.0,-3.0,0.0,3.0,1.0,0.0,1.0,1.0,0.0,-1.0,-5.0,0.0,3.0,0.0,1.0,1.0,0.0
2026-06-11-series-context-v1,2016-17,41600405,2017-06-12,1610612739,CLE,1610612744,GSW,0,5.0,-2.0,1.0,3.0,1.0,0.0,0.0,1.0,0.0,1.0,21.0,1.0,2.0,0.0,1.0,1.0,0.0
2026-06-11-series-context-v1,2017-18,41700161,2018-04-14,1610612740,NOP,1610612757,POR,1,1.0,0.0,0.0,0.0,0.0,0.0,0.0,0.0,0.0,0.0,0.0,0.0,0.0,0.0,0.0,0.0,0.0
2026-06-11-series-context-v1,2017-18,41700162,2018-04-17,1610612740,NOP,1610612757,POR,1,2.0,1.0,1.0,0.0,0.0,0.0,0.0,0.0,1.0,1.0,2.0,1.0,0.0,1.0,0.0,0.0,1.0
2026-06-11-series-context-v1,2017-18,41700163,2018-04-19,1610612740,NOP,1610612757,POR,1,3.0,2.0,2.0,0.0,0.0,0.0,1.0,0.0,1.0,1.0,9.0,2.0,0.0,2.0,0.0,0.0,2.0
2026-06-11-series-context-v1,2017-18,41700164,2018-04-21,1610612740,NOP,1610612757,POR,1,4.0,3.0,3.0,0.0,0.0,1.0,1.0,0.0,1.0,1.0,17.0,3.0,0.0,2.0,0.0,0.0,2.0
2026-06-11-series-context-v1,2017-18,41700151,2018-04-14,1610612744,GSW,1610612759,SAS,1,1.0,0.0,0.0,0.0,0.0,0.0,1.0,0.0,0.0,0.0,0.0,0.0,0.0,0.0,0.0,0.0,0.0
2026-06-11-series-context-v1,2017-18,41700152,2018-04-16,1610612744,GSW,1610612759,SAS,1,2.0,1.0,1.0,0.0,0.0,0.0,1.0,0.0,1.0,1.0,21.0,1.0,0.0,0.0,0.0,0.0,0.0
2026-06-11-series-context-v1,2017-18,41700153,2018-04-19,1610612744,GSW,1610612759,SAS,1,3.0,2.0,2.0,0.0,0.0,0.0,0.0,0.0,1.0,1.0,15.0,2.0,0.0,0.0,0.0,0.0,0.0
2026-06-11-series-context-v1,2017-18,41700154,2018-04-22,1610612744,GSW,1610612759,SAS,0,4.0,3.0,3.0,0.0,0.0,1.0,0.0,0.0,1.0,1.0,13.0,3.0,0.0,1.0,0.0,0.0,1.0
2026-06-11-series-context-v1,2017-18,41700155,2018-04-24,1610612744,GSW,1610612759,SAS,1,5.0,2.0,3.0,1.0,0.0,1.0,1.0,0.0,1.0,-1.0,-13.0,2.0,1.0,1.0,0.0,0.0,1.0
2026-06-11-series-context-v1,2017-18,41700121,2018-04-14,1610612748,MIA,1610612755,PHI,0,1.0,0.0,0.0,0.0,0.0,0.0,0.0,0.0,0.0,0.0,0.0,0.0,0.0,0.0,0.0,0.0,0.0
2026-06-11-series-context-v1,2017-18,41700122,2018-04-16,1610612748,MIA,1610612755,PHI,1,2.0,-1.0,0.0,1.0,0.0,0.0,0.0,1.0,0.0,-1.0,-27.0,0.0,1.0,0.0,0.0,0.0,0.0
2026-06-11-series-context-v1,2017-18,41700123,2018-04-19,1610612748,MIA,1610612755,PHI,0,3.0,0.0,1.0,1.0,0.0,0.0,1.0,0.0,0.0,1.0,10.0,1.0,1.0,1.0,0.0,0.0,1.0
2026-06-11-series-context-v1,2017-18,41700124,2018-04-21,1610612748,MIA,1610612755,PHI,0,4.0,-1.0,1.0,2.0,0.0,0.0,1.0,1.0,0.0,-1.0,-20.0,1.0,2.0,1.0,1.0,1.0,1.0
2026-06-11-series-context-v1,2017-18,41700125,2018-04-24,1610612748,MIA,1610612755,PHI,0,5.0,-2.0,1.0,3.0,1.0,0.0,0.0,1.0,0.0,-1.0,-4.0,1.0,2.0,1.0,2.0,2.0,1.0
2026-06-11-series-context-v1,2017-18,41700101,2018-04-14,1610612761,TOR,1610612764,WAS,1,1.0,0.0,0.0,0.0,0.0,0.0,1.0,0.0,0.0,0.0,0.0,0.0,0.0,0.0,0.0,0.0,0.0
2026-06-11-series-context-v1,2017-18,41700102,2018-04-17,1610612761,TOR,1610612764,WAS,1,2.0,1.0,1.0,0.0,0.0,0.0,1.0,0.0,1.0,1.0,8.0,1.0,0.0,0.0,0.0,0.0,0.0
2026-06-11-series-context-v1,2017-18,41700103,2018-04-20,1610612761,TOR,1610612764,WAS,0,3.0,2.0,2.0,0.0,0.0,0.0,0.0,0.0,1.0,1.0,11.0,2.0,0.0,0.0,0.0,0.0,0.0
2026-06-11-series-context-v1,2017-18,41700104,2018-04-22,1610612761,TOR,1610612764,WAS,0,4.0,1.0,2.0,1.0,0.0,0.0,0.0,0.0,1.0,-1.0,-19.0,2.0,1.0,0.0,0.0,0.0,0.0
2026-06-11-series-context-v1,2017-18,41700105,2018-04-25,1610612761,TOR,1610612764,WAS,1,5.0,0.0,2.0,2.0,0.0,0.0,1.0,0.0,0.0,-1.0,-8.0,1.0,2.0,0.0,0.0,0.0,0.0
2026-06-11-series-context-v1,2017-18,41700106,2018-04-27,1610612761,TOR,1610612764,WAS,1,6.0,1.0,3.0,2.0,0.0,1.0,0.0,0.0,1.0,1.0,10.0,1.0,2.0,0.0,0.0,0.0,0.0
2026-06-11-series-context-v1,2017-18,41700111,2018-04-15,1610612738,BOS,1610612749,MIL,1,1.0,0.0,0.0,0.0,0.0,0.0,1.0,0.0,0.0,0.0,0.0,0.0,0.0,0.0,0.0,0.0,0.0
2026-06-11-series-context-v1,2017-18,41700112,2018-04-17,1610612738,BOS,1610612749,MIL,1,2.0,1.0,1.0,0.0,0.0,0.0,1.0,0.0,1.0,1.0,6.0,1.0,0.0,0.0,0.0,0.0,0.0
2026-06-11-series-context-v1,2017-18,41700113,2018-04-20,1610612738,BOS,1610612749,MIL,0,3.0,2.0,2.0,0.0,0.0,0.0,0.0,0.0,1.0,1.0,14.0,2.0,0.0,0.0,0.0,0.0,0.0
2026-06-11-series-context-v1,2017-18,41700114,2018-04-22,1610612738,BOS,1610612749,MIL,0,4.0,1.0,2.0,1.0,0.0,0.0,0.0,0.0,1.0,-1.0,-24.0,2.0,1.0,0.0,0.0,0.0,0.0
2026-06-11-series-context-v1,2017-18,41700115,2018-04-24,1610612738,BOS,1610612749,MIL,1,5.0,0.0,2.0,2.0,0.0,0.0,1.0,0.0,0.0,-1.0,-2.0,1.0,2.0,0.0,0.0,0.0,0.0
2026-06-11-series-context-v1,2017-18,41700116,2018-04-26,1610612738,BOS,1610612749,MIL,0,6.0,1.0,3.0,2.0,0.0,1.0,0.0,0.0,1.0,1.0,5.0,1.0,2.0,0.0,0.0,0.0,0.0
2026-06-11-series-context-v1,2017-18,41700117,2018-04-28,1610612738,BOS,1610612749,MIL,1,7.0,0.0,3.0,3.0,1.0,1.0,1.0,0.0,0.0,-1.0,-11.0,1.0,2.0,0.0,0.0,0.0,0.0
2026-06-11-series-context-v1,2017-18,41700131,2018-04-15,1610612739,CLE,1610612754,IND,0,1.0,0.0,0.0,0.0,0.0,0.0,1.0,0.0,0.0,0.0,0.0,0.0,0.0,0.0,0.0,0.0,0.0
2026-06-11-series-context-v1,2017-18,41700132,2018-04-18,1610612739,CLE,1610612754,IND,1,2.0,-1.0,0.0,1.0,0.0,0.0,1.0,1.0,0.0,-1.0,-18.0,0.0,1.0,0.0,1.0,1.0,0.0
2026-06-11-series-context-v1,2017-18,41700133,2018-04-20,1610612739,CLE,1610612754,IND,0,3.0,0.0,1.0,1.0,0.0,0.0,0.0,0.0,0.0,1.0,3.0,1.0,1.0,0.0,1.0,1.0,0.0
2026-06-11-series-context-v1,2017-18,41700134,2018-04-22,1610612739,CLE,1610612754,IND,1,4.0,-1.0,1.0,2.0,0.0,0.0,0.0,1.0,0.0,-1.0,-2.0,1.0,2.0,0.0,1.0,1.0,0.0
2026-06-11-series-context-v1,2017-18,41700135,2018-04-25,1610612739,CLE,1610612754,IND,1,5.0,0.0,2.0,2.0,0.0,0.0,1.0,0.0,0.0,1.0,4.0,2.0,1.0,1.0,1.0,1.0,1.0
2026-06-11-series-context-v1,2017-18,41700136,2018-04-27,1610612739,CLE,1610612754,IND,0,6.0,1.0,3.0,2.0,0.0,1.0,0.0,0.0,1.0,1.0,3.0,2.0,1.0,1.0,1.0,1.0,1.0
2026-06-11-series-context-v1,2017-18,41700137,2018-04-29,1610612739,CLE,1610612754,IND,1,7.0,0.0,3.0,3.0,1.0,1.0,1.0,0.0,0.0,-1.0,-34.0,2.0,1.0,1.0,1.0,1.0,1.0
2026-06-11-series-context-v1,2017-18,41700141,2018-04-15,1610612745,HOU,1610612750,MIN,1,1.0,0.0,0.0,0.0,0.0,0.0,1.0,0.0,0.0,0.0,0.0,0.0,0.0,0.0,0.0,0.0,0.0
2026-06-11-series-context-v1,2017-18,41700142,2018-04-18,1610612745,HOU,1610612750,MIN,1,2.0,1.0,1.0,0.0,0.0,0.0,1.0,0.0,1.0,1.0,3.0,1.0,0.0,0.0,0.0,0.0,0.0
2026-06-11-series-context-v1,2017-18,41700143,2018-04-21,1610612745,HOU,1610612750,MIN,0,3.0,2.0,2.0,0.0,0.0,0.0,0.0,0.0,1.0,1.0,20.0,2.0,0.0,0.0,0.0,0.0,0.0
2026-06-11-series-context-v1,2017-18,41700144,2018-04-23,1610612745,HOU,1610612750,MIN,1,4.0,1.0,2.0,1.0,0.0,0.0,0.0,0.0,1.0,-1.0,-16.0,2.0,1.0,0.0,0.0,0.0,0.0
2026-06-11-series-context-v1,2017-18,41700145,2018-04-25,1610612745,HOU,1610612750,MIN,1,5.0,2.0,3.0,1.0,0.0,1.0,1.0,0.0,1.0,1.0,19.0,2.0,1.0,1.0,0.0,0.0,1.0
2026-06-11-series-context-v1,2017-18,41700171,2018-04-15,1610612760,OKC,1610612762,UTA,1,1.0,0.0,0.0,0.0,0.0,0.0,1.0,0.0,0.0,0.0,0.0,0.0,0.0,0.0,0.0,0.0,0.0
2026-06-11-series-context-v1,2017-18,41700172,2018-04-18,1610612760,OKC,1610612762,UTA,0,2.0,1.0,1.0,0.0,0.0,0.0,1.0,0.0,1.0,1.0,8.0,1.0,0.0,0.0,0.0,0.0,0.0
2026-06-11-series-context-v1,2017-18,41700173,2018-04-21,1610612760,OKC,1610612762,UTA,0,3.0,0.0,1.0,1.0,0.0,0.0,0.0,0.0,0.0,-1.0,-7.0,1.0,1.0,0.0,1.0,1.0,0.0
2026-06-11-series-context-v1,2017-18,41700174,2018-04-23,1610612760,OKC,1610612762,UTA,0,4.0,-1.0,1.0,2.0,0.0,0.0,0.0,1.0,0.0,-1.0,-13.0,1.0,2.0,0.0,1.0,1.0,0.0
2026-06-11-series-context-v1,2017-18,41700175,2018-04-25,1610612760,OKC,1610612762,UTA,1,5.0,-2.0,1.0,3.0,1.0,0.0,1.0,1.0,0.0,-1.0,-17.0,0.0,3.0,0.0,1.0,1.0,0.0
2026-06-11-series-context-v1,2017-18,41700176,2018-04-27,1610612760,OKC,1610612762,UTA,0,6.0,-1.0,2.0,3.0,1.0,0.0,0.0,1.0,0.0,1.0,8.0,1.0,2.0,0.0,1.0,1.0,0.0
2026-06-11-series-context-v1,2017-18,41700231,2018-04-28,1610612740,NOP,1610612744,GSW,0,1.0,0.0,0.0,0.0,0.0,0.0,0.0,0.0,0.0,0.0,0.0,0.0,0.0,0.0,0.0,0.0,0.0
2026-06-11-series-context-v1,2017-18,41700232,2018-05-01,1610612740,NOP,1610612744,GSW,0,2.0,-1.0,0.0,1.0,0.0,0.0,0.0,1.0,0.0,-1.0,-22.0,0.0,1.0,0.0,0.0,0.0,0.0
2026-06-11-series-context-v1,2017-18,41700233,2018-05-04,1610612740,NOP,1610612744,GSW,1,3.0,-2.0,0.0,2.0,0.0,0.0,1.0,1.0,0.0,-1.0,-5.0,0.0,2.0,0.0,0.0,0.0,0.0
2026-06-11-series-context-v1,2017-18,41700234,2018-05-06,1610612740,NOP,1610612744,GSW,0,4.0,-1.0,1.0,2.0,0.0,0.0,1.0,1.0,0.0,1.0,19.0,1.0,2.0,0.0,0.0,0.0,0.0
2026-06-11-series-context-v1,2017-18,41700235,2018-05-08,1610612740,NOP,1610612744,GSW,0,5.0,-2.0,1.0,3.0,1.0,0.0,0.0,1.0,0.0,-1.0,-26.0,1.0,2.0,0.0,1.0,1.0,0.0
2026-06-11-series-context-v1,2017-18,41700221,2018-04-29,1610612745,HOU,1610612762,UTA,1,1.0,0.0,0.0,0.0,0.0,0.0,1.0,0.0,0.0,0.0,0.0,0.0,0.0,0.0,0.0,0.0,0.0
2026-06-11-series-context-v1,2017-18,41700222,2018-05-02,1610612745,HOU,1610612762,UTA,0,2.0,1.0,1.0,0.0,0.0,0.0,1.0,0.0,1.0,1.0,14.0,1.0,0.0,0.0,0.0,0.0,0.0
2026-06-11-series-context-v1,2017-18,41700223,2018-05-04,1610612745,HOU,1610612762,UTA,1,3.0,0.0,1.0,1.0,0.0,0.0,0.0,0.0,0.0,-1.0,-8.0,1.0,1.0,0.0,1.0,1.0,0.0
2026-06-11-series-context-v1,2017-18,41700224,2018-05-06,1610612745,HOU,1610612762,UTA,1,4.0,1.0,2.0,1.0,0.0,0.0,0.0,0.0,1.0,1.0,21.0,2.0,1.0,1.0,1.0,1.0,1.0
2026-06-11-series-context-v1,2017-18,41700225,2018-05-08,1610612745,HOU,1610612762,UTA,1,5.0,2.0,3.0,1.0,0.0,1.0,1.0,0.0,1.0,1.0,13.0,2.0,1.0,2.0,1.0,1.0,2.0
2026-06-11-series-context-v1,2017-18,41700211,2018-04-30,1610612738,BOS,1610612755,PHI,1,1.0,0.0,0.0,0.0,0.0,0.0,1.0,0.0,0.0,0.0,0.0,0.0,0.0,0.0,0.0,0.0,0.0
2026-06-11-series-context-v1,2017-18,41700212,2018-05-03,1610612738,BOS,1610612755,PHI,1,2.0,1.0,1.0,0.0,0.0,0.0,1.0,0.0,1.0,1.0,16.0,1.0,0.0,0.0,0.0,0.0,0.0
2026-06-11-series-context-v1,2017-18,41700213,2018-05-05,1610612738,BOS,1610612755,PHI,1,3.0,2.0,2.0,0.0,0.0,0.0,0.0,0.0,1.0,1.0,5.0,2.0,0.0,0.0,0.0,0.0,0.0
2026-06-11-series-context-v1,2017-18,41700214,2018-05-07,1610612738,BOS,1610612755,PHI,0,4.0,3.0,3.0,0.0,0.0,1.0,0.0,0.0,1.0,1.0,3.0,3.0,0.0,1.0,0.0,0.0,1.0
2026-06-11-series-context-v1,2017-18,41700215,2018-05-09,1610612738,BOS,1610612755,PHI,1,5.0,2.0,3.0,1.0,0.0,1.0,1.0,0.0,1.0,-1.0,-11.0,2.0,1.0,1.0,0.0,0.0,1.0
2026-06-11-series-context-v1,2017-18,41700201,2018-05-01,1610612739,CLE,1610612761,TOR,1,1.0,0.0,0.0,0.0,0.0,0.0,0.0,0.0,0.0,0.0,0.0,0.0,0.0,0.0,0.0,0.0,0.0
2026-06-11-series-context-v1,2017-18,41700202,2018-05-03,1610612739,CLE,1610612761,TOR,1,2.0,1.0,1.0,0.0,0.0,0.0,0.0,0.0,1.0,1.0,1.0,1.0,0.0,1.0,0.0,0.0,1.0
2026-06-11-series-context-v1,2017-18,41700203,2018-05-05,1610612739,CLE,1610612761,TOR,1,3.0,2.0,2.0,0.0,0.0,0.0,1.0,0.0,1.0,1.0,18.0,2.0,0.0,2.0,0.0,0.0,2.0
2026-06-11-series-context-v1,2017-18,41700204,2018-05-07,1610612739,CLE,1610612761,TOR,1,4.0,3.0,3.0,0.0,0.0,1.0,1.0,0.0,1.0,1.0,2.0,3.0,0.0,2.0,0.0,0.0,2.0
2026-06-11-series-context-v1,2017-18,41700301,2018-05-13,1610612738,BOS,1610612739,CLE,1,1.0,0.0,0.0,0.0,0.0,0.0,1.0,0.0,0.0,0.0,0.0,0.0,0.0,0.0,0.0,0.0,0.0
2026-06-11-series-context-v1,2017-18,41700302,2018-05-15,1610612738,BOS,1610612739,CLE,1,2.0,1.0,1.0,0.0,0.0,0.0,1.0,0.0,1.0,1.0,25.0,1.0,0.0,0.0,0.0,0.0,0.0
2026-06-11-series-context-v1,2017-18,41700303,2018-05-19,1610612738,BOS,1610612739,CLE,0,3.0,2.0,2.0,0.0,0.0,0.0,0.0,0.0,1.0,1.0,13.0,2.0,0.0,0.0,0.0,0.0,0.0
2026-06-11-series-context-v1,2017-18,41700304,2018-05-21,1610612738,BOS,1610612739,CLE,0,4.0,1.0,2.0,1.0,0.0,0.0,0.0,0.0,1.0,-1.0,-30.0,2.0,1.0,0.0,0.0,0.0,0.0
2026-06-11-series-context-v1,2017-18,41700305,2018-05-23,1610612738,BOS,1610612739,CLE,1,5.0,0.0,2.0,2.0,0.0,0.0,1.0,0.0,0.0,-1.0,-9.0,1.0,2.0,0.0,0.0,0.0,0.0
2026-06-11-series-context-v1,2017-18,41700306,2018-05-25,1610612738,BOS,1610612739,CLE,0,6.0,1.0,3.0,2.0,0.0,1.0,0.0,0.0,1.0,1.0,13.0,1.0,2.0,0.0,0.0,0.0,0.0
2026-06-11-series-context-v1,2017-18,41700307,2018-05-27,1610612738,BOS,1610612739,CLE,0,7.0,0.0,3.0,3.0,1.0,1.0,1.0,0.0,0.0,-1.0,-10.0,1.0,2.0,0.0,0.0,0.0,0.0
2026-06-11-series-context-v1,2017-18,41700311,2018-05-14,1610612744,GSW,1610612745,HOU,1,1.0,0.0,0.0,0.0,0.0,0.0,0.0,0.0,0.0,0.0,0.0,0.0,0.0,0.0,0.0,0.0,0.0
2026-06-11-series-context-v1,2017-18,41700312,2018-05-16,1610612744,GSW,1610612745,HOU,0,2.0,1.0,1.0,0.0,0.0,0.0,0.0,0.0,1.0,1.0,13.0,1.0,0.0,1.0,0.0,0.0,1.0
2026-06-11-series-context-v1,2017-18,41700313,2018-05-20,1610612744,GSW,1610612745,HOU,1,3.0,0.0,1.0,1.0,0.0,0.0,1.0,0.0,0.0,-1.0,-22.0,1.0,1.0,1.0,0.0,0.0,1.0
2026-06-11-series-context-v1,2017-18,41700314,2018-05-22,1610612744,GSW,1610612745,HOU,0,4.0,1.0,2.0,1.0,0.0,0.0,1.0,0.0,1.0,1.0,41.0,2.0,1.0,1.0,0.0,0.0,1.0
2026-06-11-series-context-v1,2017-18,41700315,2018-05-24,1610612744,GSW,1610612745,HOU,0,5.0,0.0,2.0,2.0,0.0,0.0,0.0,0.0,0.0,-1.0,-3.0,1.0,2.0,1.0,1.0,1.0,1.0
2026-06-11-series-context-v1,2017-18,41700316,2018-05-26,1610612744,GSW,1610612745,HOU,1,6.0,-1.0,2.0,3.0,1.0,0.0,1.0,1.0,0.0,-1.0,-4.0,1.0,2.0,1.0,1.0,1.0,1.0
2026-06-11-series-context-v1,2017-18,41700317,2018-05-28,1610612744,GSW,1610612745,HOU,1,7.0,0.0,3.0,3.0,1.0,1.0,0.0,0.0,0.0,1.0,29.0,1.0,2.0,1.0,1.0,1.0,1.0
2026-06-11-series-context-v1,2017-18,41700401,2018-05-31,1610612739,CLE,1610612744,GSW,0,1.0,0.0,0.0,0.0,0.0,0.0,0.0,0.0,0.0,0.0,0.0,0.0,0.0,0.0,0.0,0.0,0.0
2026-06-11-series-context-v1,2017-18,41700402,2018-06-03,1610612739,CLE,1610612744,GSW,0,2.0,-1.0,0.0,1.0,0.0,0.0,0.0,1.0,0.0,-1.0,-10.0,0.0,1.0,0.0,0.0,0.0,0.0
2026-06-11-series-context-v1,2017-18,41700403,2018-06-06,1610612739,CLE,1610612744,GSW,0,3.0,-2.0,0.0,2.0,0.0,0.0,1.0,1.0,0.0,-1.0,-19.0,0.0,2.0,0.0,0.0,0.0,0.0
2026-06-11-series-context-v1,2017-18,41700404,2018-06-08,1610612739,CLE,1610612744,GSW,0,4.0,-3.0,0.0,3.0,1.0,0.0,1.0,1.0,0.0,-1.0,-8.0,0.0,3.0,0.0,1.0,1.0,0.0
2026-06-11-series-context-v1,2018-19,41800141,2019-04-13,1610612744,GSW,1610612746,LAC,1,1.0,0.0,0.0,0.0,0.0,0.0,1.0,0.0,0.0,0.0,0.0,0.0,0.0,0.0,0.0,0.0,0.0
2026-06-11-series-context-v1,2018-19,41800142,2019-04-15,1610612744,GSW,1610612746,LAC,0,2.0,1.0,1.0,0.0,0.0,0.0,1.0,0.0,1.0,1.0,17.0,1.0,0.0,0.0,0.0,0.0,0.0
2026-06-11-series-context-v1,2018-19,41800143,2019-04-18,1610612744,GSW,1610612746,LAC,1,3.0,0.0,1.0,1.0,0.0,0.0,0.0,0.0,0.0,-1.0,-4.0,1.0,1.0,0.0,1.0,1.0,0.0
2026-06-11-series-context-v1,2018-19,41800144,2019-04-21,1610612744,GSW,1610612746,LAC,1,4.0,1.0,2.0,1.0,0.0,0.0,0.0,0.0,1.0,1.0,27.0,2.0,1.0,1.0,1.0,1.0,1.0
2026-06-11-series-context-v1,2018-19,41800145,2019-04-24,1610612744,GSW,1610612746,LAC,0,5.0,2.0,3.0,1.0,0.0,1.0,1.0,0.0,1.0,1.0,8.0,2.0,1.0,2.0,1.0,1.0,2.0
2026-06-11-series-context-v1,2018-19,41800146,2019-04-26,1610612744,GSW,1610612746,LAC,1,6.0,1.0,3.0,2.0,0.0,1.0,0.0,0.0,1.0,-1.0,-8.0,2.0,1.0,2.0,2.0,2.0,2.0
2026-06-11-series-context-v1,2018-19,41800121,2019-04-13,1610612751,BKN,1610612755,PHI,1,1.0,0.0,0.0,0.0,0.0,0.0,0.0,0.0,0.0,0.0,0.0,0.0,0.0,0.0,0.0,0.0,0.0
2026-06-11-series-context-v1,2018-19,41800122,2019-04-15,1610612751,BKN,1610612755,PHI,0,2.0,1.0,1.0,0.0,0.0,0.0,0.0,0.0,1.0,1.0,9.0,1.0,0.0,1.0,0.0,0.0,1.0
2026-06-11-series-context-v1,2018-19,41800123,2019-04-18,1610612751,BKN,1610612755,PHI,0,3.0,0.0,1.0,1.0,0.0,0.0,1.0,0.0,0.0,-1.0,-22.0,1.0,1.0,1.0,0.0,0.0,1.0
2026-06-11-series-context-v1,2018-19,41800124,2019-04-20,1610612751,BKN,1610612755,PHI,0,4.0,-1.0,1.0,2.0,0.0,0.0,1.0,1.0,0.0,-1.0,-16.0,1.0,2.0,1.0,1.0,1.0,1.0
2026-06-11-series-context-v1,2018-19,41800125,2019-04-23,1610612751,BKN,1610612755,PHI,0,5.0,-2.0,1.0,3.0,1.0,0.0,0.0,1.0,0.0,-1.0,-4.0,0.0,3.0,1.0,2.0,2.0,1.0
2026-06-11-series-context-v1,2018-19,41800151,2019-04-13,1610612743,DEN,1610612759,SAS,0,1.0,0.0,0.0,0.0,0.0,0.0,1.0,0.0,0.0,0.0,0.0,0.0,0.0,0.0,0.0,0.0,0.0
2026-06-11-series-context-v1,2018-19,41800152,2019-04-16,1610612743,DEN,1610612759,SAS,1,2.0,-1.0,0.0,1.0,0.0,0.0,1.0,1.0,0.0,-1.0,-5.0,0.0,1.0,0.0,1.0,1.0,0.0
2026-06-11-series-context-v1,2018-19,41800153,2019-04-18,1610612743,DEN,1610612759,SAS,0,3.0,0.0,1.0,1.0,0.0,0.0,0.0,0.0,0.0,1.0,9.0,1.0,1.0,0.0,1.0,1.0,0.0
2026-06-11-series-context-v1,2018-19,41800154,2019-04-20,1610612743,DEN,1610612759,SAS,1,4.0,-1.0,1.0,2.0,0.0,0.0,0.0,1.0,0.0,-1.0,-10.0,1.0,2.0,0.0,1.0,1.0,0.0
2026-06-11-series-context-v1,2018-19,41800155,2019-04-23,1610612743,DEN,1610612759,SAS,1,5.0,0.0,2.0,2.0,0.0,0.0,1.0,0.0,0.0,1.0,14.0,2.0,1.0,1.0,1.0,1.0,1.0
2026-06-11-series-context-v1,2018-19,41800156,2019-04-25,1610612743,DEN,1610612759,SAS,0,6.0,1.0,3.0,2.0,0.0,1.0,0.0,0.0,1.0,1.0,18.0,2.0,1.0,1.0,1.0,1.0,1.0
2026-06-11-series-context-v1,2018-19,41800157,2019-04-27,1610612743,DEN,1610612759,SAS,1,7.0,0.0,3.0,3.0,1.0,1.0,1.0,0.0,0.0,-1.0,-17.0,2.0,1.0,1.0,1.0,1.0,1.0
2026-06-11-series-context-v1,2018-19,41800111,2019-04-13,1610612753,ORL,1610612761,TOR,1,1.0,0.0,0.0,0.0,0.0,0.0,0.0,0.0,0.0,0.0,0.0,0.0,0.0,0.0,0.0,0.0,0.0
2026-06-11-series-context-v1,2018-19,41800112,2019-04-16,1610612753,ORL,1610612761,TOR,0,2.0,1.0,1.0,0.0,0.0,0.0,0.0,0.0,1.0,1.0,3.0,1.0,0.0,1.0,0.0,0.0,1.0
2026-06-11-series-context-v1,2018-19,41800113,2019-04-19,1610612753,ORL,1610612761,TOR,0,3.0,0.0,1.0,1.0,0.0,0.0,1.0,0.0,0.0,-1.0,-29.0,1.0,1.0,1.0,0.0,0.0,1.0
2026-06-11-series-context-v1,2018-19,41800114,2019-04-21,1610612753,ORL,1610612761,TOR,0,4.0,-1.0,1.0,2.0,0.0,0.0,1.0,1.0,0.0,-1.0,-5.0,1.0,2.0,1.0,1.0,1.0,1.0
2026-06-11-series-context-v1,2018-19,41800115,2019-04-23,1610612753,ORL,1610612761,TOR,0,5.0,-2.0,1.0,3.0,1.0,0.0,0.0,1.0,0.0,-1.0,-22.0,0.0,3.0,1.0,2.0,2.0,1.0
2026-06-11-series-context-v1,2018-19,41800131,2019-04-14,1610612738,BOS,1610612754,IND,1,1.0,0.0,0.0,0.0,0.0,0.0,1.0,0.0,0.0,0.0,0.0,0.0,0.0,0.0,0.0,0.0,0.0
2026-06-11-series-context-v1,2018-19,41800132,2019-04-17,1610612738,BOS,1610612754,IND,1,2.0,1.0,1.0,0.0,0.0,0.0,1.0,0.0,1.0,1.0,10.0,1.0,0.0,0.0,0.0,0.0,0.0
2026-06-11-series-context-v1,2018-19,41800133,2019-04-19,1610612738,BOS,1610612754,IND,1,3.0,2.0,2.0,0.0,0.0,0.0,0.0,0.0,1.0,1.0,8.0,2.0,0.0,0.0,0.0,0.0,0.0
2026-06-11-series-context-v1,2018-19,41800134,2019-04-21,1610612738,BOS,1610612754,IND,1,4.0,3.0,3.0,0.0,0.0,1.0,0.0,0.0,1.0,1.0,8.0,3.0,0.0,1.0,0.0,0.0,1.0
2026-06-11-series-context-v1,2018-19,41800161,2019-04-14,1610612757,POR,1610612760,OKC,1,1.0,0.0,0.0,0.0,0.0,0.0,1.0,0.0,0.0,0.0,0.0,0.0,0.0,0.0,0.0,0.0,0.0
2026-06-11-series-context-v1,2018-19,41800162,2019-04-16,1610612757,POR,1610612760,OKC,1,2.0,1.0,1.0,0.0,0.0,0.0,1.0,0.0,1.0,1.0,5.0,1.0,0.0,0.0,0.0,0.0,0.0
2026-06-11-series-context-v1,2018-19,41800163,2019-04-19,1610612757,POR,1610612760,OKC,0,3.0,2.0,2.0,0.0,0.0,0.0,0.0,0.0,1.0,1.0,20.0,2.0,0.0,0.0,0.0,0.0,0.0
2026-06-11-series-context-v1,2018-19,41800164,2019-04-21,1610612757,POR,1610612760,OKC,1,4.0,1.0,2.0,1.0,0.0,0.0,0.0,0.0,1.0,-1.0,-12.0,2.0,1.0,0.0,0.0,0.0,0.0
2026-06-11-series-context-v1,2018-19,41800165,2019-04-23,1610612757,POR,1610612760,OKC,1,5.0,2.0,3.0,1.0,0.0,1.0,1.0,0.0,1.0,1.0,13.0,2.0,1.0,1.0,0.0,0.0,1.0
2026-06-11-series-context-v1,2018-19,41800171,2019-04-14,1610612745,HOU,1610612762,UTA,1,1.0,0.0,0.0,0.0,0.0,0.0,1.0,0.0,0.0,0.0,0.0,0.0,0.0,0.0,0.0,0.0,0.0
2026-06-11-series-context-v1,2018-19,41800172,2019-04-17,1610612745,HOU,1610612762,UTA,1,2.0,1.0,1.0,0.0,0.0,0.0,1.0,0.0,1.0,1.0,32.0,1.0,0.0,0.0,0.0,0.0,0.0
2026-06-11-series-context-v1,2018-19,41800173,2019-04-20,1610612745,HOU,1610612762,UTA,1,3.0,2.0,2.0,0.0,0.0,0.0,0.0,0.0,1.0,1.0,20.0,2.0,0.0,0.0,0.0,0.0,0.0
2026-06-11-series-context-v1,2018-19,41800174,2019-04-22,1610612745,HOU,1610612762,UTA,0,4.0,3.0,3.0,0.0,0.0,1.0,0.0,0.0,1.0,1.0,3.0,3.0,0.0,1.0,0.0,0.0,1.0
2026-06-11-series-context-v1,2018-19,41800175,2019-04-24,1610612745,HOU,1610612762,UTA,1,5.0,2.0,3.0,1.0,0.0,1.0,1.0,0.0,1.0,-1.0,-16.0,2.0,1.0,1.0,0.0,0.0,1.0
2026-06-11-series-context-v1,2018-19,41800101,2019-04-14,1610612749,MIL,1610612765,DET,1,1.0,0.0,0.0,0.0,0.0,0.0,1.0,0.0,0.0,0.0,0.0,0.0,0.0,0.0,0.0,0.0,0.0
2026-06-11-series-context-v1,2018-19,41800102,2019-04-17,1610612749,MIL,1610612765,DET,1,2.0,1.0,1.0,0.0,0.0,0.0,1.0,0.0,1.0,1.0,35.0,1.0,0.0,0.0,0.0,0.0,0.0
2026-06-11-series-context-v1,2018-19,41800103,2019-04-20,1610612749,MIL,1610612765,DET,1,3.0,2.0,2.0,0.0,0.0,0.0,0.0,0.0,1.0,1.0,21.0,2.0,0.0,0.0,0.0,0.0,0.0
2026-06-11-series-context-v1,2018-19,41800104,2019-04-22,1610612749,MIL,1610612765,DET,1,4.0,3.0,3.0,0.0,0.0,1.0,0.0,0.0,1.0,1.0,16.0,3.0,0.0,1.0,0.0,0.0,1.0
2026-06-11-series-context-v1,2018-19,41800211,2019-04-27,1610612755,PHI,1610612761,TOR,0,1.0,0.0,0.0,0.0,0.0,0.0,0.0,0.0,0.0,0.0,0.0,0.0,0.0,0.0,0.0,0.0,0.0
2026-06-11-series-context-v1,2018-19,41800212,2019-04-29,1610612755,PHI,1610612761,TOR,1,2.0,-1.0,0.0,1.0,0.0,0.0,0.0,1.0,0.0,-1.0,-13.0,0.0,1.0,0.0,0.0,0.0,0.0
2026-06-11-series-context-v1,2018-19,41800213,2019-05-02,1610612755,PHI,1610612761,TOR,1,3.0,0.0,1.0,1.0,0.0,0.0,1.0,0.0,0.0,1.0,5.0,1.0,1.0,1.0,0.0,0.0,1.0
2026-06-11-series-context-v1,2018-19,41800214,2019-05-05,1610612755,PHI,1610612761,TOR,0,4.0,1.0,2.0,1.0,0.0,0.0,1.0,0.0,1.0,1.0,21.0,2.0,1.0,1.0,0.0,0.0,1.0
2026-06-11-series-context-v1,2018-19,41800215,2019-05-07,1610612755,PHI,1610612761,TOR,0,5.0,0.0,2.0,2.0,0.0,0.0,0.0,0.0,0.0,-1.0,-5.0,2.0,1.0,1.0,1.0,1.0,1.0
2026-06-11-series-context-v1,2018-19,41800216,2019-05-09,1610612755,PHI,1610612761,TOR,1,6.0,-1.0,2.0,3.0,1.0,0.0,1.0,1.0,0.0,-1.0,-36.0,1.0,2.0,1.0,1.0,1.0,1.0
2026-06-11-series-context-v1,2018-19,41800217,2019-05-12,1610612755,PHI,1610612761,TOR,0,7.0,0.0,3.0,3.0,1.0,1.0,0.0,0.0,0.0,1.0,11.0,1.0,2.0,1.0,1.0,1.0,1.0
2026-06-11-series-context-v1,2018-19,41800201,2019-04-28,1610612738,BOS,1610612749,MIL,1,1.0,0.0,0.0,0.0,0.0,0.0,0.0,0.0,0.0,0.0,0.0,0.0,0.0,0.0,0.0,0.0,0.0
2026-06-11-series-context-v1,2018-19,41800202,2019-04-30,1610612738,BOS,1610612749,MIL,0,2.0,1.0,1.0,0.0,0.0,0.0,0.0,0.0,1.0,1.0,22.0,1.0,0.0,1.0,0.0,0.0,1.0
2026-06-11-series-context-v1,2018-19,41800203,2019-05-03,1610612738,BOS,1610612749,MIL,0,3.0,0.0,1.0,1.0,0.0,0.0,1.0,0.0,0.0,-1.0,-21.0,1.0,1.0,1.0,0.0,0.0,1.0
2026-06-11-series-context-v1,2018-19,41800204,2019-05-06,1610612738,BOS,1610612749,MIL,0,4.0,-1.0,1.0,2.0,0.0,0.0,1.0,1.0,0.0,-1.0,-7.0,1.0,2.0,1.0,1.0,1.0,1.0
2026-06-11-series-context-v1,2018-19,41800205,2019-05-08,1610612738,BOS,1610612749,MIL,0,5.0,-2.0,1.0,3.0,1.0,0.0,0.0,1.0,0.0,-1.0,-12.0,0.0,3.0,1.0,2.0,2.0,1.0
2026-06-11-series-context-v1,2018-19,41800221,2019-04-28,1610612744,GSW,1610612745,HOU,1,1.0,0.0,0.0,0.0,0.0,0.0,1.0,0.0,0.0,0.0,0.0,0.0,0.0,0.0,0.0,0.0,0.0
2026-06-11-series-context-v1,2018-19,41800222,2019-04-30,1610612744,GSW,1610612745,HOU,1,2.0,1.0,1.0,0.0,0.0,0.0,1.0,0.0,1.0,1.0,4.0,1.0,0.0,0.0,0.0,0.0,0.0
2026-06-11-series-context-v1,2018-19,41800223,2019-05-04,1610612744,GSW,1610612745,HOU,0,3.0,2.0,2.0,0.0,0.0,0.0,0.0,0.0,1.0,1.0,6.0,2.0,0.0,0.0,0.0,0.0,0.0
2026-06-11-series-context-v1,2018-19,41800224,2019-05-06,1610612744,GSW,1610612745,HOU,0,4.0,1.0,2.0,1.0,0.0,0.0,0.0,0.0,1.0,-1.0,-5.0,2.0,1.0,0.0,0.0,0.0,0.0
2026-06-11-series-context-v1,2018-19,41800225,2019-05-08,1610612744,GSW,1610612745,HOU,1,5.0,0.0,2.0,2.0,0.0,0.0,1.0,0.0,0.0,-1.0,-4.0,1.0,2.0,0.0,0.0,0.0,0.0
2026-06-11-series-context-v1,2018-19,41800226,2019-05-10,1610612744,GSW,1610612745,HOU,1,6.0,1.0,3.0,2.0,0.0,1.0,0.0,0.0,1.0,1.0,5.0,1.0,2.0,0.0,0.0,0.0,0.0
2026-06-11-series-context-v1,2018-19,41800231,2019-04-29,1610612743,DEN,1610612757,POR,1,1.0,0.0,0.0,0.0,0.0,0.0,1.0,0.0,0.0,0.0,0.0,0.0,0.0,0.0,0.0,0.0,0.0
2026-06-11-series-context-v1,2018-19,41800232,2019-05-01,1610612743,DEN,1610612757,POR,0,2.0,1.0,1.0,0.0,0.0,0.0,1.0,0.0,1.0,1.0,8.0,1.0,0.0,0.0,0.0,0.0,0.0
2026-06-11-series-context-v1,2018-19,41800233,2019-05-03,1610612743,DEN,1610612757,POR,0,3.0,0.0,1.0,1.0,0.0,0.0,0.0,0.0,0.0,-1.0,-7.0,1.0,1.0,0.0,1.0,1.0,0.0
2026-06-11-series-context-v1,2018-19,41800234,2019-05-05,1610612743,DEN,1610612757,POR,1,4.0,-1.0,1.0,2.0,0.0,0.0,0.0,1.0,0.0,-1.0,-3.0,1.0,2.0,0.0,1.0,1.0,0.0
2026-06-11-series-context-v1,2018-19,41800235,2019-05-07,1610612743,DEN,1610612757,POR,1,5.0,0.0,2.0,2.0,0.0,0.0,1.0,0.0,0.0,1.0,4.0,1.0,2.0,1.0,1.0,1.0,1.0
2026-06-11-series-context-v1,2018-19,41800236,2019-05-09,1610612743,DEN,1610612757,POR,0,6.0,1.0,3.0,2.0,0.0,1.0,0.0,0.0,1.0,1.0,26.0,2.0,1.0,1.0,1.0,1.0,1.0
2026-06-11-series-context-v1,2018-19,41800237,2019-05-12,1610612743,DEN,1610612757,POR,0,7.0,0.0,3.0,3.0,1.0,1.0,1.0,0.0,0.0,-1.0,-11.0,2.0,1.0,1.0,1.0,1.0,1.0
2026-06-11-series-context-v1,2018-19,41800311,2019-05-14,1610612744,GSW,1610612757,POR,1,1.0,0.0,0.0,0.0,0.0,0.0,1.0,0.0,0.0,0.0,0.0,0.0,0.0,0.0,0.0,0.0,0.0
2026-06-11-series-context-v1,2018-19,41800312,2019-05-16,1610612744,GSW,1610612757,POR,1,2.0,1.0,1.0,0.0,0.0,0.0,1.0,0.0,1.0,1.0,22.0,1.0,0.0,0.0,0.0,0.0,0.0
2026-06-11-series-context-v1,2018-19,41800313,2019-05-18,1610612744,GSW,1610612757,POR,1,3.0,2.0,2.0,0.0,0.0,0.0,0.0,0.0,1.0,1.0,3.0,2.0,0.0,0.0,0.0,0.0,0.0
2026-06-11-series-context-v1,2018-19,41800314,2019-05-20,1610612744,GSW,1610612757,POR,1,4.0,3.0,3.0,0.0,0.0,1.0,0.0,0.0,1.0,1.0,11.0,3.0,0.0,1.0,0.0,0.0,1.0
2026-06-11-series-context-v1,2018-19,41800301,2019-05-15,1610612749,MIL,1610612761,TOR,1,1.0,0.0,0.0,0.0,0.0,0.0,1.0,0.0,0.0,0.0,0.0,0.0,0.0,0.0,0.0,0.0,0.0
2026-06-11-series-context-v1,2018-19,41800302,2019-05-17,1610612749,MIL,1610612761,TOR,1,2.0,1.0,1.0,0.0,0.0,0.0,1.0,0.0,1.0,1.0,8.0,1.0,0.0,0.0,0.0,0.0,0.0
2026-06-11-series-context-v1,2018-19,41800303,2019-05-19,1610612749,MIL,1610612761,TOR,0,3.0,2.0,2.0,0.0,0.0,0.0,0.0,0.0,1.0,1.0,22.0,2.0,0.0,0.0,0.0,0.0,0.0
2026-06-11-series-context-v1,2018-19,41800304,2019-05-21,1610612749,MIL,1610612761,TOR,0,4.0,1.0,2.0,1.0,0.0,0.0,0.0,0.0,1.0,-1.0,-6.0,2.0,1.0,0.0,0.0,0.0,0.0
2026-06-11-series-context-v1,2018-19,41800305,2019-05-23,1610612749,MIL,1610612761,TOR,0,5.0,0.0,2.0,2.0,0.0,0.0,1.0,0.0,0.0,-1.0,-18.0,1.0,2.0,0.0,0.0,0.0,0.0
2026-06-11-series-context-v1,2018-19,41800306,2019-05-25,1610612749,MIL,1610612761,TOR,0,6.0,-1.0,2.0,3.0,1.0,0.0,0.0,1.0,0.0,-1.0,-6.0,0.0,3.0,0.0,1.0,1.0,0.0
2026-06-11-series-context-v1,2018-19,41800401,2019-05-30,1610612744,GSW,1610612761,TOR,0,1.0,0.0,0.0,0.0,0.0,0.0,0.0,0.0,0.0,0.0,0.0,0.0,0.0,0.0,0.0,0.0,0.0
2026-06-11-series-context-v1,2018-19,41800402,2019-06-02,1610612744,GSW,1610612761,TOR,1,2.0,-1.0,0.0,1.0,0.0,0.0,0.0,1.0,0.0,-1.0,-9.0,0.0,1.0,0.0,0.0,0.0,0.0
2026-06-11-series-context-v1,2018-19,41800403,2019-06-05,1610612744,GSW,1610612761,TOR,0,3.0,0.0,1.0,1.0,0.0,0.0,1.0,0.0,0.0,1.0,5.0,1.0,1.0,1.0,0.0,0.0,1.0
2026-06-11-series-context-v1,2018-19,41800404,2019-06-07,1610612744,GSW,1610612761,TOR,0,4.0,-1.0,1.0,2.0,0.0,0.0,1.0,1.0,0.0,-1.0,-14.0,1.0,2.0,1.0,1.0,1.0,1.0
2026-06-11-series-context-v1,2018-19,41800405,2019-06-10,1610612744,GSW,1610612761,TOR,1,5.0,-2.0,1.0,3.0,1.0,0.0,0.0,1.0,0.0,-1.0,-13.0,1.0,2.0,1.0,2.0,2.0,1.0
2026-06-11-series-context-v1,2018-19,41800406,2019-06-13,1610612744,GSW,1610612761,TOR,0,6.0,-1.0,2.0,3.0,1.0,0.0,1.0,1.0,0.0,1.0,1.0,1.0,2.0,2.0,2.0,2.0,2.0
2026-06-11-series-context-v1,2019-20,41900151,2020-08-17,1610612742,DAL,1610612746,LAC,0,1.0,0.0,0.0,0.0,0.0,0.0,0.0,0.0,0.0,0.0,0.0,0.0,0.0,0.0,0.0,0.0,0.0
2026-06-11-series-context-v1,2019-20,41900152,2020-08-19,1610612742,DAL,1610612746,LAC,1,2.0,-1.0,0.0,1.0,0.0,0.0,0.0,1.0,0.0,-1.0,-8.0,0.0,1.0,0.0,0.0,0.0,0.0
2026-06-11-series-context-v1,2019-20,41900153,2020-08-21,1610612742,DAL,1610612746,LAC,0,3.0,0.0,1.0,1.0,0.0,0.0,1.0,0.0,0.0,1.0,13.0,1.0,1.0,1.0,0.0,0.0,1.0
2026-06-11-series-context-v1,2019-20,41900154,2020-08-23,1610612742,DAL,1610612746,LAC,1,4.0,-1.0,1.0,2.0,0.0,0.0,1.0,1.0,0.0,-1.0,-8.0,1.0,2.0,1.0,1.0,1.0,1.0
2026-06-11-series-context-v1,2019-20,41900155,2020-08-25,1610612742,DAL,1610612746,LAC,0,5.0,0.0,2.0,2.0,0.0,0.0,0.0,0.0,0.0,1.0,2.0,2.0,1.0,1.0,1.0,1.0,1.0
2026-06-11-series-context-v1,2019-20,41900156,2020-08-30,1610612742,DAL,1610612746,LAC,0,6.0,-1.0,2.0,3.0,1.0,0.0,1.0,1.0,0.0,-1.0,-43.0,1.0,2.0,1.0,1.0,1.0,1.0
2026-06-11-series-context-v1,2019-20,41900121,2020-08-17,1610612738,BOS,1610612755,PHI,1,1.0,0.0,0.0,0.0,0.0,0.0,1.0,0.0,0.0,0.0,0.0,0.0,0.0,0.0,0.0,0.0,0.0
2026-06-11-series-context-v1,2019-20,41900122,2020-08-19,1610612738,BOS,1610612755,PHI,1,2.0,1.0,1.0,0.0,0.0,0.0,1.0,0.0,1.0,1.0,8.0,1.0,0.0,0.0,0.0,0.0,0.0
2026-06-11-series-context-v1,2019-20,41900123,2020-08-21,1610612738,BOS,1610612755,PHI,1,3.0,2.0,2.0,0.0,0.0,0.0,0.0,0.0,1.0,1.0,27.0,2.0,0.0,0.0,0.0,0.0,0.0
2026-06-11-series-context-v1,2019-20,41900124,2020-08-23,1610612738,BOS,1610612755,PHI,1,4.0,3.0,3.0,0.0,0.0,1.0,0.0,0.0,1.0,1.0,8.0,3.0,0.0,1.0,0.0,0.0,1.0
2026-06-11-series-context-v1,2019-20,41900111,2020-08-17,1610612751,BKN,1610612761,TOR,0,1.0,0.0,0.0,0.0,0.0,0.0,0.0,0.0,0.0,0.0,0.0,0.0,0.0,0.0,0.0,0.0,0.0
2026-06-11-series-context-v1,2019-20,41900112,2020-08-19,1610612751,BKN,1610612761,TOR,0,2.0,-1.0,0.0,1.0,0.0,0.0,0.0,1.0,0.0,-1.0,-24.0,0.0,1.0,0.0,0.0,0.0,0.0
2026-06-11-series-context-v1,2019-20,41900113,2020-08-21,1610612751,BKN,1610612761,TOR,0,3.0,-2.0,0.0,2.0,0.0,0.0,1.0,1.0,0.0,-1.0,-5.0,0.0,2.0,0.0,0.0,0.0,0.0
2026-06-11-series-context-v1,2019-20,41900114,2020-08-23,1610612751,BKN,1610612761,TOR,0,4.0,-3.0,0.0,3.0,1.0,0.0,1.0,1.0,0.0,-1.0,-25.0,0.0,3.0,0.0,1.0,1.0,0.0
2026-06-11-series-context-v1,2019-20,41900161,2020-08-17,1610612743,DEN,1610612762,UTA,1,1.0,0.0,0.0,0.0,0.0,0.0,1.0,0.0,0.0,0.0,0.0,0.0,0.0,0.0,0.0,0.0,0.0
2026-06-11-series-context-v1,2019-20,41900162,2020-08-19,1610612743,DEN,1610612762,UTA,0,2.0,1.0,1.0,0.0,0.0,0.0,1.0,0.0,1.0,1.0,10.0,1.0,0.0,0.0,0.0,0.0,0.0
2026-06-11-series-context-v1,2019-20,41900163,2020-08-21,1610612743,DEN,1610612762,UTA,0,3.0,0.0,1.0,1.0,0.0,0.0,0.0,0.0,0.0,-1.0,-19.0,1.0,1.0,0.0,1.0,1.0,0.0
2026-06-11-series-context-v1,2019-20,41900164,2020-08-23,1610612743,DEN,1610612762,UTA,0,4.0,-1.0,1.0,2.0,0.0,0.0,0.0,1.0,0.0,-1.0,-37.0,1.0,2.0,0.0,1.0,1.0,0.0
2026-06-11-series-context-v1,2019-20,41900165,2020-08-25,1610612743,DEN,1610612762,UTA,1,5.0,-2.0,1.0,3.0,1.0,0.0,1.0,1.0,0.0,-1.0,-2.0,0.0,3.0,0.0,1.0,1.0,0.0
2026-06-11-series-context-v1,2019-20,41900166,2020-08-30,1610612743,DEN,1610612762,UTA,1,6.0,-1.0,2.0,3.0,1.0,0.0,0.0,1.0,0.0,1.0,10.0,1.0,2.0,0.0,1.0,1.0,0.0
2026-06-11-series-context-v1,2019-20,41900167,2020-09-01,1610612743,DEN,1610612762,UTA,1,7.0,0.0,3.0,3.0,1.0,1.0,1.0,0.0,0.0,1.0,12.0,2.0,1.0,1.0,1.0,1.0,1.0
2026-06-11-series-context-v1,2019-20,41900171,2020-08-18,1610612745,HOU,1610612760,OKC,1,1.0,0.0,0.0,0.0,0.0,0.0,1.0,0.0,0.0,0.0,0.0,0.0,0.0,0.0,0.0,0.0,0.0
2026-06-11-series-context-v1,2019-20,41900172,2020-08-20,1610612745,HOU,1610612760,OKC,1,2.0,1.0,1.0,0.0,0.0,0.0,1.0,0.0,1.0,1.0,15.0,1.0,0.0,0.0,0.0,0.0,0.0
2026-06-11-series-context-v1,2019-20,41900173,2020-08-22,1610612745,HOU,1610612760,OKC,0,3.0,2.0,2.0,0.0,0.0,0.0,0.0,0.0,1.0,1.0,13.0,2.0,0.0,0.0,0.0,0.0,0.0
2026-06-11-series-context-v1,2019-20,41900174,2020-08-24,1610612745,HOU,1610612760,OKC,0,4.0,1.0,2.0,1.0,0.0,0.0,0.0,0.0,1.0,-1.0,-12.0,2.0,1.0,0.0,0.0,0.0,0.0
2026-06-11-series-context-v1,2019-20,41900175,2020-08-29,1610612745,HOU,1610612760,OKC,1,5.0,0.0,2.0,2.0,0.0,0.0,1.0,0.0,0.0,-1.0,-3.0,1.0,2.0,0.0,0.0,0.0,0.0
2026-06-11-series-context-v1,2019-20,41900176,2020-08-31,1610612745,HOU,1610612760,OKC,0,6.0,1.0,3.0,2.0,0.0,1.0,0.0,0.0,1.0,1.0,34.0,1.0,2.0,0.0,0.0,0.0,0.0
2026-06-11-series-context-v1,2019-20,41900177,2020-09-02,1610612745,HOU,1610612760,OKC,1,7.0,0.0,3.0,3.0,1.0,1.0,1.0,0.0,0.0,-1.0,-4.0,1.0,2.0,0.0,0.0,0.0,0.0
2026-06-11-series-context-v1,2019-20,41900131,2020-08-18,1610612748,MIA,1610612754,IND,1,1.0,0.0,0.0,0.0,0.0,0.0,0.0,0.0,0.0,0.0,0.0,0.0,0.0,0.0,0.0,0.0,0.0
2026-06-11-series-context-v1,2019-20,41900132,2020-08-20,1610612748,MIA,1610612754,IND,1,2.0,1.0,1.0,0.0,0.0,0.0,0.0,0.0,1.0,1.0,12.0,1.0,0.0,1.0,0.0,0.0,1.0
2026-06-11-series-context-v1,2019-20,41900133,2020-08-22,1610612748,MIA,1610612754,IND,1,3.0,2.0,2.0,0.0,0.0,0.0,1.0,0.0,1.0,1.0,9.0,2.0,0.0,2.0,0.0,0.0,2.0
2026-06-11-series-context-v1,2019-20,41900134,2020-08-24,1610612748,MIA,1610612754,IND,1,4.0,3.0,3.0,0.0,0.0,1.0,1.0,0.0,1.0,1.0,9.0,3.0,0.0,2.0,0.0,0.0,2.0
2026-06-11-series-context-v1,2019-20,41900141,2020-08-18,1610612747,LAL,1610612757,POR,0,1.0,0.0,0.0,0.0,0.0,0.0,1.0,0.0,0.0,0.0,0.0,0.0,0.0,0.0,0.0,0.0,0.0
2026-06-11-series-context-v1,2019-20,41900142,2020-08-20,1610612747,LAL,1610612757,POR,1,2.0,-1.0,0.0,1.0,0.0,0.0,1.0,1.0,0.0,-1.0,-7.0,0.0,1.0,0.0,1.0,1.0,0.0
2026-06-11-series-context-v1,2019-20,41900143,2020-08-22,1610612747,LAL,1610612757,POR,1,3.0,0.0,1.0,1.0,0.0,0.0,0.0,0.0,0.0,1.0,23.0,1.0,1.0,0.0,1.0,1.0,0.0
2026-06-11-series-context-v1,2019-20,41900144,2020-08-24,1610612747,LAL,1610612757,POR,1,4.0,1.0,2.0,1.0,0.0,0.0,0.0,0.0,1.0,1.0,8.0,2.0,1.0,1.0,1.0,1.0,1.0
2026-06-11-series-context-v1,2019-20,41900145,2020-08-29,1610612747,LAL,1610612757,POR,1,5.0,2.0,3.0,1.0,0.0,1.0,1.0,0.0,1.0,1.0,20.0,3.0,0.0,2.0,1.0,1.0,2.0
2026-06-11-series-context-v1,2019-20,41900101,2020-08-18,1610612749,MIL,1610612753,ORL,0,1.0,0.0,0.0,0.0,0.0,0.0,1.0,0.0,0.0,0.0,0.0,0.0,0.0,0.0,0.0,0.0,0.0
2026-06-11-series-context-v1,2019-20,41900102,2020-08-20,1610612749,MIL,1610612753,ORL,1,2.0,-1.0,0.0,1.0,0.0,0.0,1.0,1.0,0.0,-1.0,-12.0,0.0,1.0,0.0,1.0,1.0,0.0
2026-06-11-series-context-v1,2019-20,41900103,2020-08-22,1610612749,MIL,1610612753,ORL,1,3.0,0.0,1.0,1.0,0.0,0.0,0.0,0.0,0.0,1.0,15.0,1.0,1.0,0.0,1.0,1.0,0.0
2026-06-11-series-context-v1,2019-20,41900104,2020-08-24,1610612749,MIL,1610612753,ORL,1,4.0,1.0,2.0,1.0,0.0,0.0,0.0,0.0,1.0,1.0,14.0,2.0,1.0,1.0,1.0,1.0,1.0
2026-06-11-series-context-v1,2019-20,41900105,2020-08-29,1610612749,MIL,1610612753,ORL,1,5.0,2.0,3.0,1.0,0.0,1.0,1.0,0.0,1.0,1.0,15.0,3.0,0.0,2.0,1.0,1.0,2.0
2026-06-11-series-context-v1,2019-20,41900211,2020-08-30,1610612738,BOS,1610612761,TOR,1,1.0,0.0,0.0,0.0,0.0,0.0,0.0,0.0,0.0,0.0,0.0,0.0,0.0,0.0,0.0,0.0,0.0
2026-06-11-series-context-v1,2019-20,41900212,2020-09-01,1610612738,BOS,1610612761,TOR,1,2.0,1.0,1.0,0.0,0.0,0.0,0.0,0.0,1.0,1.0,18.0,1.0,0.0,1.0,0.0,0.0,1.0
2026-06-11-series-context-v1,2019-20,41900213,2020-09-03,1610612738,BOS,1610612761,TOR,0,3.0,2.0,2.0,0.0,0.0,0.0,1.0,0.0,1.0,1.0,3.0,2.0,0.0,2.0,0.0,0.0,2.0
2026-06-11-series-context-v1,2019-20,41900214,2020-09-05,1610612738,BOS,1610612761,TOR,0,4.0,1.0,2.0,1.0,0.0,0.0,1.0,0.0,1.0,-1.0,-1.0,2.0,1.0,2.0,1.0,1.0,2.0
2026-06-11-series-context-v1,2019-20,41900215,2020-09-07,1610612738,BOS,1610612761,TOR,1,5.0,0.0,2.0,2.0,0.0,0.0,0.0,0.0,0.0,-1.0,-7.0,1.0,2.0,2.0,2.0,2.0,2.0
2026-06-11-series-context-v1,2019-20,41900216,2020-09-09,1610612738,BOS,1610612761,TOR,0,6.0,1.0,3.0,2.0,0.0,1.0,1.0,0.0,1.0,1.0,22.0,1.0,2.0,3.0,2.0,2.0,3.0
2026-06-11-series-context-v1,2019-20,41900217,2020-09-11,1610612738,BOS,1610612761,TOR,1,7.0,0.0,3.0,3.0,1.0,1.0,0.0,0.0,0.0,-1.0,-3.0,1.0,2.0,3.0,3.0,3.0,3.0
2026-06-11-series-context-v1,2019-20,41900201,2020-08-31,1610612748,MIA,1610612749,MIL,1,1.0,0.0,0.0,0.0,0.0,0.0,0.0,0.0,0.0,0.0,0.0,0.0,0.0,0.0,0.0,0.0,0.0
2026-06-11-series-context-v1,2019-20,41900202,2020-09-02,1610612748,MIA,1610612749,MIL,1,2.0,1.0,1.0,0.0,0.0,0.0,0.0,0.0,1.0,1.0,11.0,1.0,0.0,1.0,0.0,0.0,1.0
2026-06-11-series-context-v1,2019-20,41900203,2020-09-04,1610612748,MIA,1610612749,MIL,1,3.0,2.0,2.0,0.0,0.0,0.0,1.0,0.0,1.0,1.0,2.0,2.0,0.0,2.0,0.0,0.0,2.0
2026-06-11-series-context-v1,2019-20,41900204,2020-09-06,1610612748,MIA,1610612749,MIL,0,4.0,3.0,3.0,0.0,0.0,1.0,1.0,0.0,1.0,1.0,15.0,3.0,0.0,2.0,0.0,0.0,2.0
2026-06-11-series-context-v1,2019-20,41900205,2020-09-08,1610612748,MIA,1610612749,MIL,1,5.0,2.0,3.0,1.0,0.0,1.0,0.0,0.0,1.0,-1.0,-3.0,2.0,1.0,2.0,1.0,1.0,2.0
2026-06-11-series-context-v1,2019-20,41900231,2020-09-03,1610612743,DEN,1610612746,LAC,0,1.0,0.0,0.0,0.0,0.0,0.0,0.0,0.0,0.0,0.0,0.0,0.0,0.0,0.0,0.0,0.0,0.0
2026-06-11-series-context-v1,2019-20,41900232,2020-09-05,1610612743,DEN,1610612746,LAC,1,2.0,-1.0,0.0,1.0,0.0,0.0,0.0,1.0,0.0,-1.0,-23.0,0.0,1.0,0.0,0.0,0.0,0.0
2026-06-11-series-context-v1,2019-20,41900233,2020-09-07,1610612743,DEN,1610612746,LAC,0,3.0,0.0,1.0,1.0,0.0,0.0,1.0,0.0,0.0,1.0,9.0,1.0,1.0,1.0,0.0,0.0,1.0
2026-06-11-series-context-v1,2019-20,41900234,2020-09-09,1610612743,DEN,1610612746,LAC,0,4.0,-1.0,1.0,2.0,0.0,0.0,1.0,1.0,0.0,-1.0,-6.0,1.0,2.0,1.0,1.0,1.0,1.0
2026-06-11-series-context-v1,2019-20,41900235,2020-09-11,1610612743,DEN,1610612746,LAC,1,5.0,-2.0,1.0,3.0,1.0,0.0,0.0,1.0,0.0,-1.0,-11.0,1.0,2.0,1.0,2.0,2.0,1.0
2026-06-11-series-context-v1,2019-20,41900236,2020-09-13,1610612743,DEN,1610612746,LAC,1,6.0,-1.0,2.0,3.0,1.0,0.0,1.0,1.0,0.0,1.0,6.0,1.0,2.0,2.0,2.0,2.0,2.0
2026-06-11-series-context-v1,2019-20,41900237,2020-09-15,1610612743,DEN,1610612746,LAC,1,7.0,0.0,3.0,3.0,1.0,1.0,0.0,0.0,0.0,1.0,13.0,2.0,1.0,2.0,2.0,2.0,2.0
2026-06-11-series-context-v1,2019-20,41900221,2020-09-04,1610612745,HOU,1610612747,LAL,1,1.0,0.0,0.0,0.0,0.0,0.0,0.0,0.0,0.0,0.0,0.0,0.0,0.0,0.0,0.0,0.0,0.0
2026-06-11-series-context-v1,2019-20,41900222,2020-09-06,1610612745,HOU,1610612747,LAL,0,2.0,1.0,1.0,0.0,0.0,0.0,0.0,0.0,1.0,1.0,15.0,1.0,0.0,1.0,0.0,0.0,1.0
2026-06-11-series-context-v1,2019-20,41900223,2020-09-08,1610612745,HOU,1610612747,LAL,0,3.0,0.0,1.0,1.0,0.0,0.0,1.0,0.0,0.0,-1.0,-8.0,1.0,1.0,1.0,0.0,0.0,1.0
2026-06-11-series-context-v1,2019-20,41900224,2020-09-10,1610612745,HOU,1610612747,LAL,0,4.0,-1.0,1.0,2.0,0.0,0.0,1.0,1.0,0.0,-1.0,-10.0,1.0,2.0,1.0,1.0,1.0,1.0
2026-06-11-series-context-v1,2019-20,41900225,2020-09-12,1610612745,HOU,1610612747,LAL,0,5.0,-2.0,1.0,3.0,1.0,0.0,0.0,1.0,0.0,-1.0,-10.0,0.0,3.0,1.0,2.0,2.0,1.0
2026-06-11-series-context-v1,2019-20,41900301,2020-09-15,1610612738,BOS,1610612748,MIA,0,1.0,0.0,0.0,0.0,0.0,0.0,1.0,0.0,0.0,0.0,0.0,0.0,0.0,0.0,0.0,0.0,0.0
2026-06-11-series-context-v1,2019-20,41900302,2020-09-17,1610612738,BOS,1610612748,MIA,0,2.0,-1.0,0.0,1.0,0.0,0.0,1.0,1.0,0.0,-1.0,-3.0,0.0,1.0,0.0,1.0,1.0,0.0
2026-06-11-series-context-v1,2019-20,41900303,2020-09-19,1610612738,BOS,1610612748,MIA,1,3.0,-2.0,0.0,2.0,0.0,0.0,0.0,1.0,0.0,-1.0,-5.0,0.0,2.0,0.0,2.0,2.0,0.0
2026-06-11-series-context-v1,2019-20,41900304,2020-09-23,1610612738,BOS,1610612748,MIA,0,4.0,-1.0,1.0,2.0,0.0,0.0,0.0,1.0,0.0,1.0,11.0,1.0,2.0,1.0,2.0,2.0,1.0
2026-06-11-series-context-v1,2019-20,41900305,2020-09-25,1610612738,BOS,1610612748,MIA,1,5.0,-2.0,1.0,3.0,1.0,0.0,1.0,1.0,0.0,-1.0,-3.0,1.0,2.0,1.0,2.0,2.0,1.0
2026-06-11-series-context-v1,2019-20,41900306,2020-09-27,1610612738,BOS,1610612748,MIA,0,6.0,-1.0,2.0,3.0,1.0,0.0,0.0,1.0,0.0,1.0,13.0,2.0,1.0,1.0,2.0,2.0,1.0
2026-06-11-series-context-v1,2019-20,41900311,2020-09-18,1610612743,DEN,1610612747,LAL,0,1.0,0.0,0.0,0.0,0.0,0.0,0.0,0.0,0.0,0.0,0.0,0.0,0.0,0.0,0.0,0.0,0.0
2026-06-11-series-context-v1,2019-20,41900312,2020-09-20,1610612743,DEN,1610612747,LAL,0,2.0,-1.0,0.0,1.0,0.0,0.0,0.0,1.0,0.0,-1.0,-12.0,0.0,1.0,0.0,0.0,0.0,0.0
2026-06-11-series-context-v1,2019-20,41900313,2020-09-22,1610612743,DEN,1610612747,LAL,1,3.0,-2.0,0.0,2.0,0.0,0.0,1.0,1.0,0.0,-1.0,-2.0,0.0,2.0,0.0,0.0,0.0,0.0
2026-06-11-series-context-v1,2019-20,41900314,2020-09-24,1610612743,DEN,1610612747,LAL,0,4.0,-1.0,1.0,2.0,0.0,0.0,1.0,1.0,0.0,1.0,8.0,1.0,2.0,0.0,0.0,0.0,0.0
2026-06-11-series-context-v1,2019-20,41900315,2020-09-26,1610612743,DEN,1610612747,LAL,0,5.0,-2.0,1.0,3.0,1.0,0.0,0.0,1.0,0.0,-1.0,-6.0,1.0,2.0,0.0,1.0,1.0,0.0
2026-06-11-series-context-v1,2019-20,41900401,2020-09-30,1610612747,LAL,1610612748,MIA,1,1.0,0.0,0.0,0.0,0.0,0.0,1.0,0.0,0.0,0.0,0.0,0.0,0.0,0.0,0.0,0.0,0.0
2026-06-11-series-context-v1,2019-20,41900402,2020-10-02,1610612747,LAL,1610612748,MIA,1,2.0,1.0,1.0,0.0,0.0,0.0,1.0,0.0,1.0,1.0,18.0,1.0,0.0,0.0,0.0,0.0,0.0
2026-06-11-series-context-v1,2019-20,41900403,2020-10-04,1610612747,LAL,1610612748,MIA,0,3.0,2.0,2.0,0.0,0.0,0.0,0.0,0.0,1.0,1.0,10.0,2.0,0.0,0.0,0.0,0.0,0.0
2026-06-11-series-context-v1,2019-20,41900404,2020-10-06,1610612747,LAL,1610612748,MIA,1,4.0,1.0,2.0,1.0,0.0,0.0,0.0,0.0,1.0,-1.0,-11.0,2.0,1.0,0.0,0.0,0.0,0.0
2026-06-11-series-context-v1,2019-20,41900405,2020-10-09,1610612747,LAL,1610612748,MIA,0,5.0,2.0,3.0,1.0,0.0,1.0,1.0,0.0,1.0,1.0,6.0,2.0,1.0,1.0,0.0,0.0,1.0
2026-06-11-series-context-v1,2019-20,41900406,2020-10-11,1610612747,LAL,1610612748,MIA,1,6.0,1.0,3.0,2.0,0.0,1.0,0.0,0.0,1.0,-1.0,-3.0,1.0,2.0,1.0,1.0,1.0,1.0
2026-06-11-series-context-v1,2020-21,42000171,2021-05-22,1610612742,DAL,1610612746,LAC,1,1.0,0.0,0.0,0.0,0.0,0.0,0.0,0.0,0.0,0.0,0.0,0.0,0.0,0.0,0.0,0.0,0.0
2026-06-11-series-context-v1,2020-21,42000172,2021-05-25,1610612742,DAL,1610612746,LAC,1,2.0,1.0,1.0,0.0,0.0,0.0,0.0,0.0,1.0,1.0,10.0,1.0,0.0,1.0,0.0,0.0,1.0
2026-06-11-series-context-v1,2020-21,42000173,2021-05-28,1610612742,DAL,1610612746,LAC,0,3.0,2.0,2.0,0.0,0.0,0.0,1.0,0.0,1.0,1.0,6.0,2.0,0.0,2.0,0.0,0.0,2.0
2026-06-11-series-context-v1,2020-21,42000174,2021-05-30,1610612742,DAL,1610612746,LAC,0,4.0,1.0,2.0,1.0,0.0,0.0,1.0,0.0,1.0,-1.0,-10.0,2.0,1.0,2.0,1.0,1.0,2.0
2026-06-11-series-context-v1,2020-21,42000175,2021-06-02,1610612742,DAL,1610612746,LAC,1,5.0,0.0,2.0,2.0,0.0,0.0,0.0,0.0,0.0,-1.0,-25.0,1.0,2.0,2.0,2.0,2.0,2.0
2026-06-11-series-context-v1,2020-21,42000176,2021-06-04,1610612742,DAL,1610612746,LAC,0,6.0,1.0,3.0,2.0,0.0,1.0,1.0,0.0,1.0,1.0,5.0,1.0,2.0,3.0,2.0,2.0,3.0
2026-06-11-series-context-v1,2020-21,42000177,2021-06-06,1610612742,DAL,1610612746,LAC,0,7.0,0.0,3.0,3.0,1.0,1.0,0.0,0.0,0.0,-1.0,-7.0,1.0,2.0,3.0,3.0,3.0,3.0
2026-06-11-series-context-v1,2020-21,42000121,2021-05-22,1610612748,MIA,1610612749,MIL,0,1.0,0.0,0.0,0.0,0.0,0.0,0.0,0.0,0.0,0.0,0.0,0.0,0.0,0.0,0.0,0.0,0.0
2026-06-11-series-context-v1,2020-21,42000122,2021-05-24,1610612748,MIA,1610612749,MIL,0,2.0,-1.0,0.0,1.0,0.0,0.0,0.0,1.0,0.0,-1.0,-2.0,0.0,1.0,0.0,0.0,0.0,0.0
2026-06-11-series-context-v1,2020-21,42000123,2021-05-27,1610612748,MIA,1610612749,MIL,0,3.0,-2.0,0.0,2.0,0.0,0.0,1.0,1.0,0.0,-1.0,-34.0,0.0,2.0,0.0,0.0,0.0,0.0
2026-06-11-series-context-v1,2020-21,42000124,2021-05-29,1610612748,MIA,1610612749,MIL,0,4.0,-3.0,0.0,3.0,1.0,0.0,1.0,1.0,0.0,-1.0,-29.0,0.0,3.0,0.0,1.0,1.0,0.0
2026-06-11-series-context-v1,2020-21,42000111,2021-05-22,1610612738,BOS,1610612751,BKN,0,1.0,0.0,0.0,0.0,0.0,0.0,0.0,0.0,0.0,0.0,0.0,0.0,0.0,0.0,0.0,0.0,0.0
2026-06-11-series-context-v1,2020-21,42000112,2021-05-25,1610612738,BOS,1610612751,BKN,0,2.0,-1.0,0.0,1.0,0.0,0.0,0.0,1.0,0.0,-1.0,-11.0,0.0,1.0,0.0,0.0,0.0,0.0
2026-06-11-series-context-v1,2020-21,42000113,2021-05-28,1610612738,BOS,1610612751,BKN,1,3.0,-2.0,0.0,2.0,0.0,0.0,1.0,1.0,0.0,-1.0,-22.0,0.0,2.0,0.0,0.0,0.0,0.0
2026-06-11-series-context-v1,2020-21,42000114,2021-05-30,1610612738,BOS,1610612751,BKN,0,4.0,-1.0,1.0,2.0,0.0,0.0,1.0,1.0,0.0,1.0,6.0,1.0,2.0,0.0,0.0,0.0,0.0
2026-06-11-series-context-v1,2020-21,42000115,2021-06-01,1610612738,BOS,1610612751,BKN,0,5.0,-2.0,1.0,3.0,1.0,0.0,0.0,1.0,0.0,-1.0,-15.0,1.0,2.0,0.0,1.0,1.0,0.0
2026-06-11-series-context-v1,2020-21,42000161,2021-05-22,1610612743,DEN,1610612757,POR,0,1.0,0.0,0.0,0.0,0.0,0.0,1.0,0.0,0.0,0.0,0.0,0.0,0.0,0.0,0.0,0.0,0.0
2026-06-11-series-context-v1,2020-21,42000162,2021-05-24,1610612743,DEN,1610612757,POR,1,2.0,-1.0,0.0,1.0,0.0,0.0,1.0,1.0,0.0,-1.0,-14.0,0.0,1.0,0.0,1.0,1.0,0.0
2026-06-11-series-context-v1,2020-21,42000163,2021-05-27,1610612743,DEN,1610612757,POR,1,3.0,0.0,1.0,1.0,0.0,0.0,0.0,0.0,0.0,1.0,19.0,1.0,1.0,0.0,1.0,1.0,0.0
2026-06-11-series-context-v1,2020-21,42000164,2021-05-29,1610612743,DEN,1610612757,POR,0,4.0,1.0,2.0,1.0,0.0,0.0,0.0,0.0,1.0,1.0,5.0,2.0,1.0,1.0,1.0,1.0,1.0
2026-06-11-series-context-v1,2020-21,42000165,2021-06-01,1610612743,DEN,1610612757,POR,1,5.0,0.0,2.0,2.0,0.0,0.0,1.0,0.0,0.0,-1.0,-20.0,2.0,1.0,1.0,1.0,1.0,1.0
2026-06-11-series-context-v1,2020-21,42000166,2021-06-03,1610612743,DEN,1610612757,POR,1,6.0,1.0,3.0,2.0,0.0,1.0,0.0,0.0,1.0,1.0,7.0,2.0,1.0,1.0,1.0,1.0,1.0
2026-06-11-series-context-v1,2020-21,42000151,2021-05-23,1610612747,LAL,1610612756,PHX,0,1.0,0.0,0.0,0.0,0.0,0.0,0.0,0.0,0.0,0.0,0.0,0.0,0.0,0.0,0.0,0.0,0.0
2026-06-11-series-context-v1,2020-21,42000152,2021-05-25,1610612747,LAL,1610612756,PHX,1,2.0,-1.0,0.0,1.0,0.0,0.0,0.0,1.0,0.0,-1.0,-9.0,0.0,1.0,0.0,0.0,0.0,0.0
2026-06-11-series-context-v1,2020-21,42000153,2021-05-27,1610612747,LAL,1610612756,PHX,1,3.0,0.0,1.0,1.0,0.0,0.0,1.0,0.0,0.0,1.0,7.0,1.0,1.0,1.0,0.0,0.0,1.0
2026-06-11-series-context-v1,2020-21,42000154,2021-05-30,1610612747,LAL,1610612756,PHX,0,4.0,1.0,2.0,1.0,0.0,0.0,1.0,0.0,1.0,1.0,14.0,2.0,1.0,1.0,0.0,0.0,1.0
2026-06-11-series-context-v1,2020-21,42000155,2021-06-01,1610612747,LAL,1610612756,PHX,0,5.0,0.0,2.0,2.0,0.0,0.0,0.0,0.0,0.0,-1.0,-8.0,2.0,1.0,1.0,1.0,1.0,1.0
2026-06-11-series-context-v1,2020-21,42000156,2021-06-03,1610612747,LAL,1610612756,PHX,0,6.0,-1.0,2.0,3.0,1.0,0.0,1.0,1.0,0.0,-1.0,-30.0,1.0,2.0,1.0,1.0,1.0,1.0
2026-06-11-series-context-v1,2020-21,42000101,2021-05-23,1610612755,PHI,1610612764,WAS,1,1.0,0.0,0.0,0.0,0.0,0.0,1.0,0.0,0.0,0.0,0.0,0.0,0.0,0.0,0.0,0.0,0.0
2026-06-11-series-context-v1,2020-21,42000102,2021-05-26,1610612755,PHI,1610612764,WAS,1,2.0,1.0,1.0,0.0,0.0,0.0,1.0,0.0,1.0,1.0,7.0,1.0,0.0,0.0,0.0,0.0,0.0
2026-06-11-series-context-v1,2020-21,42000103,2021-05-29,1610612755,PHI,1610612764,WAS,1,3.0,2.0,2.0,0.0,0.0,0.0,0.0,0.0,1.0,1.0,25.0,2.0,0.0,0.0,0.0,0.0,0.0
2026-06-11-series-context-v1,2020-21,42000104,2021-05-31,1610612755,PHI,1610612764,WAS,0,4.0,3.0,3.0,0.0,0.0,1.0,0.0,0.0,1.0,1.0,29.0,3.0,0.0,1.0,0.0,0.0,1.0
2026-06-11-series-context-v1,2020-21,42000105,2021-06-02,1610612755,PHI,1610612764,WAS,1,5.0,2.0,3.0,1.0,0.0,1.0,1.0,0.0,1.0,-1.0,-8.0,2.0,1.0,1.0,0.0,0.0,1.0
2026-06-11-series-context-v1,2020-21,42000141,2021-05-23,1610612762,UTA,1610612763,MEM,0,1.0,0.0,0.0,0.0,0.0,0.0,1.0,0.0,0.0,0.0,0.0,0.0,0.0,0.0,0.0,0.0,0.0
2026-06-11-series-context-v1,2020-21,42000142,2021-05-26,1610612762,UTA,1610612763,MEM,1,2.0,-1.0,0.0,1.0,0.0,0.0,1.0,1.0,0.0,-1.0,-3.0,0.0,1.0,0.0,1.0,1.0,0.0
2026-06-11-series-context-v1,2020-21,42000143,2021-05-29,1610612762,UTA,1610612763,MEM,1,3.0,0.0,1.0,1.0,0.0,0.0,0.0,0.0,0.0,1.0,12.0,1.0,1.0,0.0,1.0,1.0,0.0
2026-06-11-series-context-v1,2020-21,42000144,2021-05-31,1610612762,UTA,1610612763,MEM,1,4.0,1.0,2.0,1.0,0.0,0.0,0.0,0.0,1.0,1.0,10.0,2.0,1.0,1.0,1.0,1.0,1.0
2026-06-11-series-context-v1,2020-21,42000145,2021-06-02,1610612762,UTA,1610612763,MEM,1,5.0,2.0,3.0,1.0,0.0,1.0,1.0,0.0,1.0,1.0,7.0,3.0,0.0,2.0,1.0,1.0,2.0
2026-06-11-series-context-v1,2020-21,42000131,2021-05-23,1610612737,ATL,1610612752,NYK,1,1.0,0.0,0.0,0.0,0.0,0.0,0.0,0.0,0.0,0.0,0.0,0.0,0.0,0.0,0.0,0.0,0.0
2026-06-11-series-context-v1,2020-21,42000132,2021-05-26,1610612737,ATL,1610612752,NYK,0,2.0,1.0,1.0,0.0,0.0,0.0,0.0,0.0,1.0,1.0,2.0,1.0,0.0,1.0,0.0,0.0,1.0
2026-06-11-series-context-v1,2020-21,42000133,2021-05-28,1610612737,ATL,1610612752,NYK,1,3.0,0.0,1.0,1.0,0.0,0.0,1.0,0.0,0.0,-1.0,-9.0,1.0,1.0,1.0,0.0,0.0,1.0
2026-06-11-series-context-v1,2020-21,42000134,2021-05-30,1610612737,ATL,1610612752,NYK,1,4.0,1.0,2.0,1.0,0.0,0.0,1.0,0.0,1.0,1.0,11.0,2.0,1.0,1.0,0.0,0.0,1.0
2026-06-11-series-context-v1,2020-21,42000135,2021-06-02,1610612737,ATL,1610612752,NYK,1,5.0,2.0,3.0,1.0,0.0,1.0,0.0,0.0,1.0,1.0,17.0,2.0,1.0,1.0,0.0,0.0,1.0
2026-06-11-series-context-v1,2020-21,42000211,2021-06-05,1610612749,MIL,1610612751,BKN,0,1.0,0.0,0.0,0.0,0.0,0.0,0.0,0.0,0.0,0.0,0.0,0.0,0.0,0.0,0.0,0.0,0.0
2026-06-11-series-context-v1,2020-21,42000212,2021-06-07,1610612749,MIL,1610612751,BKN,0,2.0,-1.0,0.0,1.0,0.0,0.0,0.0,1.0,0.0,-1.0,-8.0,0.0,1.0,0.0,0.0,0.0,0.0
2026-06-11-series-context-v1,2020-21,42000213,2021-06-10,1610612749,MIL,1610612751,BKN,1,3.0,-2.0,0.0,2.0,0.0,0.0,1.0,1.0,0.0,-1.0,-39.0,0.0,2.0,0.0,0.0,0.0,0.0
2026-06-11-series-context-v1,2020-21,42000214,2021-06-13,1610612749,MIL,1610612751,BKN,1,4.0,-1.0,1.0,2.0,0.0,0.0,1.0,1.0,0.0,1.0,3.0,1.0,2.0,0.0,0.0,0.0,0.0
2026-06-11-series-context-v1,2020-21,42000215,2021-06-15,1610612749,MIL,1610612751,BKN,0,5.0,0.0,2.0,2.0,0.0,0.0,0.0,0.0,0.0,1.0,11.0,2.0,1.0,0.0,0.0,0.0,0.0
2026-06-11-series-context-v1,2020-21,42000216,2021-06-17,1610612749,MIL,1610612751,BKN,1,6.0,-1.0,2.0,3.0,1.0,0.0,1.0,1.0,0.0,-1.0,-6.0,2.0,1.0,0.0,0.0,0.0,0.0
2026-06-11-series-context-v1,2020-21,42000217,2021-06-19,1610612749,MIL,1610612751,BKN,1,7.0,0.0,3.0,3.0,1.0,1.0,0.0,0.0,0.0,1.0,15.0,2.0,1.0,0.0,0.0,0.0,0.0
2026-06-11-series-context-v1,2020-21,42000201,2021-06-06,1610612737,ATL,1610612755,PHI,1,1.0,0.0,0.0,0.0,0.0,0.0,0.0,0.0,0.0,0.0,0.0,0.0,0.0,0.0,0.0,0.0,0.0
2026-06-11-series-context-v1,2020-21,42000202,2021-06-08,1610612737,ATL,1610612755,PHI,0,2.0,1.0,1.0,0.0,0.0,0.0,0.0,0.0,1.0,1.0,4.0,1.0,0.0,1.0,0.0,0.0,1.0
2026-06-11-series-context-v1,2020-21,42000203,2021-06-11,1610612737,ATL,1610612755,PHI,0,3.0,0.0,1.0,1.0,0.0,0.0,1.0,0.0,0.0,-1.0,-16.0,1.0,1.0,1.0,0.0,0.0,1.0
2026-06-11-series-context-v1,2020-21,42000204,2021-06-14,1610612737,ATL,1610612755,PHI,1,4.0,-1.0,1.0,2.0,0.0,0.0,1.0,1.0,0.0,-1.0,-16.0,1.0,2.0,1.0,1.0,1.0,1.0
2026-06-11-series-context-v1,2020-21,42000205,2021-06-16,1610612737,ATL,1610612755,PHI,1,5.0,0.0,2.0,2.0,0.0,0.0,0.0,0.0,0.0,1.0,3.0,1.0,2.0,1.0,1.0,1.0,1.0
2026-06-11-series-context-v1,2020-21,42000206,2021-06-18,1610612737,ATL,1610612755,PHI,0,6.0,1.0,3.0,2.0,0.0,1.0,1.0,0.0,1.0,1.0,3.0,2.0,1.0,2.0,1.0,1.0,2.0
2026-06-11-series-context-v1,2020-21,42000207,2021-06-20,1610612737,ATL,1610612755,PHI,1,7.0,0.0,3.0,3.0,1.0,1.0,0.0,0.0,0.0,-1.0,-5.0,2.0,1.0,2.0,2.0,2.0,2.0
2026-06-11-series-context-v1,2020-21,42000231,2021-06-07,1610612743,DEN,1610612756,PHX,0,1.0,0.0,0.0,0.0,0.0,0.0,0.0,0.0,0.0,0.0,0.0,0.0,0.0,0.0,0.0,0.0,0.0
2026-06-11-series-context-v1,2020-21,42000232,2021-06-09,1610612743,DEN,1610612756,PHX,0,2.0,-1.0,0.0,1.0,0.0,0.0,0.0,1.0,0.0,-1.0,-17.0,0.0,1.0,0.0,0.0,0.0,0.0
2026-06-11-series-context-v1,2020-21,42000233,2021-06-11,1610612743,DEN,1610612756,PHX,0,3.0,-2.0,0.0,2.0,0.0,0.0,1.0,1.0,0.0,-1.0,-25.0,0.0,2.0,0.0,0.0,0.0,0.0
2026-06-11-series-context-v1,2020-21,42000234,2021-06-13,1610612743,DEN,1610612756,PHX,0,4.0,-3.0,0.0,3.0,1.0,0.0,1.0,1.0,0.0,-1.0,-14.0,0.0,3.0,0.0,1.0,1.0,0.0
2026-06-11-series-context-v1,2020-21,42000221,2021-06-08,1610612746,LAC,1610612762,UTA,0,1.0,0.0,0.0,0.0,0.0,0.0,0.0,0.0,0.0,0.0,0.0,0.0,0.0,0.0,0.0,0.0,0.0
2026-06-11-series-context-v1,2020-21,42000222,2021-06-10,1610612746,LAC,1610612762,UTA,0,2.0,-1.0,0.0,1.0,0.0,0.0,0.0,1.0,0.0,-1.0,-3.0,0.0,1.0,0.0,0.0,0.0,0.0
2026-06-11-series-context-v1,2020-21,42000223,2021-06-12,1610612746,LAC,1610612762,UTA,1,3.0,-2.0,0.0,2.0,0.0,0.0,1.0,1.0,0.0,-1.0,-6.0,0.0,2.0,0.0,0.0,0.0,0.0
2026-06-11-series-context-v1,2020-21,42000224,2021-06-14,1610612746,LAC,1610612762,UTA,1,4.0,-1.0,1.0,2.0,0.0,0.0,1.0,1.0,0.0,1.0,26.0,1.0,2.0,0.0,0.0,0.0,0.0
2026-06-11-series-context-v1,2020-21,42000225,2021-06-16,1610612746,LAC,1610612762,UTA,1,5.0,0.0,2.0,2.0,0.0,0.0,0.0,0.0,0.0,1.0,14.0,2.0,1.0,0.0,0.0,0.0,0.0
2026-06-11-series-context-v1,2020-21,42000226,2021-06-18,1610612746,LAC,1610612762,UTA,1,6.0,1.0,3.0,2.0,0.0,1.0,1.0,0.0,1.0,1.0,8.0,3.0,0.0,1.0,0.0,0.0,1.0
2026-06-11-series-context-v1,2020-21,42000311,2021-06-20,1610612746,LAC,1610612756,PHX,0,1.0,0.0,0.0,0.0,0.0,0.0,0.0,0.0,0.0,0.0,0.0,0.0,0.0,0.0,0.0,0.0,0.0
2026-06-11-series-context-v1,2020-21,42000312,2021-06-22,1610612746,LAC,1610612756,PHX,0,2.0,-1.0,0.0,1.0,0.0,0.0,0.0,1.0,0.0,-1.0,-6.0,0.0,1.0,0.0,0.0,0.0,0.0
2026-06-11-series-context-v1,2020-21,42000313,2021-06-24,1610612746,LAC,1610612756,PHX,1,3.0,-2.0,0.0,2.0,0.0,0.0,1.0,1.0,0.0,-1.0,-1.0,0.0,2.0,0.0,0.0,0.0,0.0
2026-06-11-series-context-v1,2020-21,42000314,2021-06-26,1610612746,LAC,1610612756,PHX,0,4.0,-1.0,1.0,2.0,0.0,0.0,1.0,1.0,0.0,1.0,14.0,1.0,2.0,0.0,0.0,0.0,0.0
2026-06-11-series-context-v1,2020-21,42000315,2021-06-28,1610612746,LAC,1610612756,PHX,1,5.0,-2.0,1.0,3.0,1.0,0.0,0.0,1.0,0.0,-1.0,-4.0,1.0,2.0,0.0,1.0,1.0,0.0
2026-06-11-series-context-v1,2020-21,42000316,2021-06-30,1610612746,LAC,1610612756,PHX,0,6.0,-1.0,2.0,3.0,1.0,0.0,1.0,1.0,0.0,1.0,14.0,2.0,1.0,1.0,1.0,1.0,1.0
2026-06-11-series-context-v1,2020-21,42000301,2021-06-23,1610612737,ATL,1610612749,MIL,1,1.0,0.0,0.0,0.0,0.0,0.0,0.0,0.0,0.0,0.0,0.0,0.0,0.0,0.0,0.0,0.0,0.0
2026-06-11-series-context-v1,2020-21,42000302,2021-06-25,1610612737,ATL,1610612749,MIL,0,2.0,1.0,1.0,0.0,0.0,0.0,0.0,0.0,1.0,1.0,3.0,1.0,0.0,1.0,0.0,0.0,1.0
2026-06-11-series-context-v1,2020-21,42000303,2021-06-27,1610612737,ATL,1610612749,MIL,0,3.0,0.0,1.0,1.0,0.0,0.0,1.0,0.0,0.0,-1.0,-34.0,1.0,1.0,1.0,0.0,0.0,1.0
2026-06-11-series-context-v1,2020-21,42000304,2021-06-29,1610612737,ATL,1610612749,MIL,1,4.0,-1.0,1.0,2.0,0.0,0.0,1.0,1.0,0.0,-1.0,-11.0,1.0,2.0,1.0,1.0,1.0,1.0
2026-06-11-series-context-v1,2020-21,42000305,2021-07-01,1610612737,ATL,1610612749,MIL,0,5.0,0.0,2.0,2.0,0.0,0.0,0.0,0.0,0.0,1.0,22.0,1.0,2.0,1.0,1.0,1.0,1.0
2026-06-11-series-context-v1,2020-21,42000306,2021-07-03,1610612737,ATL,1610612749,MIL,0,6.0,-1.0,2.0,3.0,1.0,0.0,1.0,1.0,0.0,-1.0,-11.0,1.0,2.0,1.0,1.0,1.0,1.0
2026-06-11-series-context-v1,2020-21,42000401,2021-07-06,1610612749,MIL,1610612756,PHX,0,1.0,0.0,0.0,0.0,0.0,0.0,0.0,0.0,0.0,0.0,0.0,0.0,0.0,0.0,0.0,0.0,0.0
2026-06-11-series-context-v1,2020-21,42000402,2021-07-08,1610612749,MIL,1610612756,PHX,0,2.0,-1.0,0.0,1.0,0.0,0.0,0.0,1.0,0.0,-1.0,-13.0,0.0,1.0,0.0,0.0,0.0,0.0
2026-06-11-series-context-v1,2020-21,42000403,2021-07-11,1610612749,MIL,1610612756,PHX,1,3.0,-2.0,0.0,2.0,0.0,0.0,1.0,1.0,0.0,-1.0,-10.0,0.0,2.0,0.0,0.0,0.0,0.0
2026-06-11-series-context-v1,2020-21,42000404,2021-07-14,1610612749,MIL,1610612756,PHX,1,4.0,-1.0,1.0,2.0,0.0,0.0,1.0,1.0,0.0,1.0,20.0,1.0,2.0,0.0,0.0,0.0,0.0
2026-06-11-series-context-v1,2020-21,42000405,2021-07-17,1610612749,MIL,1610612756,PHX,1,5.0,0.0,2.0,2.0,0.0,0.0,0.0,0.0,0.0,1.0,6.0,2.0,1.0,0.0,0.0,0.0,0.0
2026-06-11-series-context-v1,2020-21,42000406,2021-07-20,1610612749,MIL,1610612756,PHX,1,6.0,1.0,3.0,2.0,0.0,1.0,1.0,0.0,1.0,1.0,4.0,3.0,0.0,1.0,0.0,0.0,1.0
2026-06-11-series-context-v1,2021-22,42100171,2022-04-16,1610612742,DAL,1610612762,UTA,0,1.0,0.0,0.0,0.0,0.0,0.0,1.0,0.0,0.0,0.0,0.0,0.0,0.0,0.0,0.0,0.0,0.0
2026-06-11-series-context-v1,2021-22,42100172,2022-04-18,1610612742,DAL,1610612762,UTA,1,2.0,-1.0,0.0,1.0,0.0,0.0,1.0,1.0,0.0,-1.0,-6.0,0.0,1.0,0.0,1.0,1.0,0.0
2026-06-11-series-context-v1,2021-22,42100173,2022-04-21,1610612742,DAL,1610612762,UTA,1,3.0,0.0,1.0,1.0,0.0,0.0,0.0,0.0,0.0,1.0,6.0,1.0,1.0,0.0,1.0,1.0,0.0
2026-06-11-series-context-v1,2021-22,42100174,2022-04-23,1610612742,DAL,1610612762,UTA,0,4.0,1.0,2.0,1.0,0.0,0.0,0.0,0.0,1.0,1.0,8.0,2.0,1.0,1.0,1.0,1.0,1.0
2026-06-11-series-context-v1,2021-22,42100175,2022-04-25,1610612742,DAL,1610612762,UTA,1,5.0,0.0,2.0,2.0,0.0,0.0,1.0,0.0,0.0,-1.0,-1.0,2.0,1.0,1.0,1.0,1.0,1.0
2026-06-11-series-context-v1,2021-22,42100176,2022-04-28,1610612742,DAL,1610612762,UTA,1,6.0,1.0,3.0,2.0,0.0,1.0,0.0,0.0,1.0,1.0,25.0,2.0,1.0,1.0,1.0,1.0,1.0
2026-06-11-series-context-v1,2021-22,42100161,2022-04-16,1610612743,DEN,1610612744,GSW,0,1.0,0.0,0.0,0.0,0.0,0.0,0.0,0.0,0.0,0.0,0.0,0.0,0.0,0.0,0.0,0.0,0.0
2026-06-11-series-context-v1,2021-22,42100162,2022-04-18,1610612743,DEN,1610612744,GSW,0,2.0,-1.0,0.0,1.0,0.0,0.0,0.0,1.0,0.0,-1.0,-16.0,0.0,1.0,0.0,0.0,0.0,0.0
2026-06-11-series-context-v1,2021-22,42100163,2022-04-21,1610612743,DEN,1610612744,GSW,0,3.0,-2.0,0.0,2.0,0.0,0.0,1.0,1.0,0.0,-1.0,-20.0,0.0,2.0,0.0,0.0,0.0,0.0
2026-06-11-series-context-v1,2021-22,42100164,2022-04-24,1610612743,DEN,1610612744,GSW,1,4.0,-3.0,0.0,3.0,1.0,0.0,1.0,1.0,0.0,-1.0,-5.0,0.0,3.0,0.0,1.0,1.0,0.0
2026-06-11-series-context-v1,2021-22,42100165,2022-04-27,1610612743,DEN,1610612744,GSW,0,5.0,-2.0,1.0,3.0,1.0,0.0,0.0,1.0,0.0,1.0,5.0,1.0,2.0,0.0,1.0,1.0,0.0
2026-06-11-series-context-v1,2021-22,42100151,2022-04-16,1610612750,MIN,1610612763,MEM,1,1.0,0.0,0.0,0.0,0.0,0.0,0.0,0.0,0.0,0.0,0.0,0.0,0.0,0.0,0.0,0.0,0.0
2026-06-11-series-context-v1,2021-22,42100152,2022-04-19,1610612750,MIN,1610612763,MEM,0,2.0,1.0,1.0,0.0,0.0,0.0,0.0,0.0,1.0,1.0,13.0,1.0,0.0,1.0,0.0,0.0,1.0
2026-06-11-series-context-v1,2021-22,42100153,2022-04-21,1610612750,MIN,1610612763,MEM,0,3.0,0.0,1.0,1.0,0.0,0.0,1.0,0.0,0.0,-1.0,-28.0,1.0,1.0,1.0,0.0,0.0,1.0
2026-06-11-series-context-v1,2021-22,42100154,2022-04-23,1610612750,MIN,1610612763,MEM,1,4.0,-1.0,1.0,2.0,0.0,0.0,1.0,1.0,0.0,-1.0,-9.0,1.0,2.0,1.0,1.0,1.0,1.0
2026-06-11-series-context-v1,2021-22,42100155,2022-04-26,1610612750,MIN,1610612763,MEM,0,5.0,0.0,2.0,2.0,0.0,0.0,0.0,0.0,0.0,1.0,1.0,1.0,2.0,1.0,1.0,1.0,1.0
2026-06-11-series-context-v1,2021-22,42100156,2022-04-29,1610612750,MIN,1610612763,MEM,0,6.0,-1.0,2.0,3.0,1.0,0.0,1.0,1.0,0.0,-1.0,-2.0,1.0,2.0,1.0,1.0,1.0,1.0
2026-06-11-series-context-v1,2021-22,42100131,2022-04-16,1610612755,PHI,1610612761,TOR,1,1.0,0.0,0.0,0.0,0.0,0.0,1.0,0.0,0.0,0.0,0.0,0.0,0.0,0.0,0.0,0.0,0.0
2026-06-11-series-context-v1,2021-22,42100132,2022-04-18,1610612755,PHI,1610612761,TOR,1,2.0,1.0,1.0,0.0,0.0,0.0,1.0,0.0,1.0,1.0,20.0,1.0,0.0,0.0,0.0,0.0,0.0
2026-06-11-series-context-v1,2021-22,42100133,2022-04-20,1610612755,PHI,1610612761,TOR,1,3.0,2.0,2.0,0.0,0.0,0.0,0.0,0.0,1.0,1.0,15.0,2.0,0.0,0.0,0.0,0.0,0.0
2026-06-11-series-context-v1,2021-22,42100134,2022-04-23,1610612755,PHI,1610612761,TOR,0,4.0,3.0,3.0,0.0,0.0,1.0,0.0,0.0,1.0,1.0,3.0,3.0,0.0,1.0,0.0,0.0,1.0
2026-06-11-series-context-v1,2021-22,42100135,2022-04-25,1610612755,PHI,1610612761,TOR,0,5.0,2.0,3.0,1.0,0.0,1.0,1.0,0.0,1.0,-1.0,-8.0,2.0,1.0,1.0,0.0,0.0,1.0
2026-06-11-series-context-v1,2021-22,42100136,2022-04-28,1610612755,PHI,1610612761,TOR,1,6.0,1.0,3.0,2.0,0.0,1.0,0.0,0.0,1.0,-1.0,-15.0,1.0,2.0,1.0,1.0,1.0,1.0
2026-06-11-series-context-v1,2021-22,42100121,2022-04-17,1610612741,CHI,1610612749,MIL,0,1.0,0.0,0.0,0.0,0.0,0.0,0.0,0.0,0.0,0.0,0.0,0.0,0.0,0.0,0.0,0.0,0.0
2026-06-11-series-context-v1,2021-22,42100122,2022-04-20,1610612741,CHI,1610612749,MIL,1,2.0,-1.0,0.0,1.0,0.0,0.0,0.0,1.0,0.0,-1.0,-7.0,0.0,1.0,0.0,0.0,0.0,0.0
2026-06-11-series-context-v1,2021-22,42100123,2022-04-22,1610612741,CHI,1610612749,MIL,0,3.0,0.0,1.0,1.0,0.0,0.0,1.0,0.0,0.0,1.0,4.0,1.0,1.0,1.0,0.0,0.0,1.0
2026-06-11-series-context-v1,2021-22,42100124,2022-04-24,1610612741,CHI,1610612749,MIL,0,4.0,-1.0,1.0,2.0,0.0,0.0,1.0,1.0,0.0,-1.0,-30.0,1.0,2.0,1.0,1.0,1.0,1.0
2026-06-11-series-context-v1,2021-22,42100125,2022-04-27,1610612741,CHI,1610612749,MIL,0,5.0,-2.0,1.0,3.0,1.0,0.0,0.0,1.0,0.0,-1.0,-24.0,1.0,2.0,1.0,2.0,2.0,1.0
2026-06-11-series-context-v1,2021-22,42100111,2022-04-17,1610612738,BOS,1610612751,BKN,1,1.0,0.0,0.0,0.0,0.0,0.0,1.0,0.0,0.0,0.0,0.0,0.0,0.0,0.0,0.0,0.0,0.0
2026-06-11-series-context-v1,2021-22,42100112,2022-04-20,1610612738,BOS,1610612751,BKN,1,2.0,1.0,1.0,0.0,0.0,0.0,1.0,0.0,1.0,1.0,1.0,1.0,0.0,0.0,0.0,0.0,0.0
2026-06-11-series-context-v1,2021-22,42100113,2022-04-23,1610612738,BOS,1610612751,BKN,1,3.0,2.0,2.0,0.0,0.0,0.0,0.0,0.0,1.0,1.0,7.0,2.0,0.0,0.0,0.0,0.0,0.0
2026-06-11-series-context-v1,2021-22,42100114,2022-04-25,1610612738,BOS,1610612751,BKN,1,4.0,3.0,3.0,0.0,0.0,1.0,0.0,0.0,1.0,1.0,6.0,3.0,0.0,1.0,0.0,0.0,1.0
2026-06-11-series-context-v1,2021-22,42100101,2022-04-17,1610612737,ATL,1610612748,MIA,0,1.0,0.0,0.0,0.0,0.0,0.0,0.0,0.0,0.0,0.0,0.0,0.0,0.0,0.0,0.0,0.0,0.0
2026-06-11-series-context-v1,2021-22,42100102,2022-04-19,1610612737,ATL,1610612748,MIA,0,2.0,-1.0,0.0,1.0,0.0,0.0,0.0,1.0,0.0,-1.0,-24.0,0.0,1.0,0.0,0.0,0.0,0.0
2026-06-11-series-context-v1,2021-22,42100103,2022-04-22,1610612737,ATL,1610612748,MIA,1,3.0,-2.0,0.0,2.0,0.0,0.0,1.0,1.0,0.0,-1.0,-10.0,0.0,2.0,0.0,0.0,0.0,0.0
2026-06-11-series-context-v1,2021-22,42100104,2022-04-24,1610612737,ATL,1610612748,MIA,0,4.0,-1.0,1.0,2.0,0.0,0.0,1.0,1.0,0.0,1.0,1.0,1.0,2.0,0.0,0.0,0.0,0.0
2026-06-11-series-context-v1,2021-22,42100105,2022-04-26,1610612737,ATL,1610612748,MIA,0,5.0,-2.0,1.0,3.0,1.0,0.0,0.0,1.0,0.0,-1.0,-24.0,1.0,2.0,0.0,1.0,1.0,0.0
2026-06-11-series-context-v1,2021-22,42100141,2022-04-17,1610612740,NOP,1610612756,PHX,0,1.0,0.0,0.0,0.0,0.0,0.0,0.0,0.0,0.0,0.0,0.0,0.0,0.0,0.0,0.0,0.0,0.0
2026-06-11-series-context-v1,2021-22,42100142,2022-04-19,1610612740,NOP,1610612756,PHX,1,2.0,-1.0,0.0,1.0,0.0,0.0,0.0,1.0,0.0,-1.0,-11.0,0.0,1.0,0.0,0.0,0.0,0.0
2026-06-11-series-context-v1,2021-22,42100143,2022-04-22,1610612740,NOP,1610612756,PHX,0,3.0,0.0,1.0,1.0,0.0,0.0,1.0,0.0,0.0,1.0,11.0,1.0,1.0,1.0,0.0,0.0,1.0
2026-06-11-series-context-v1,2021-22,42100144,2022-04-24,1610612740,NOP,1610612756,PHX,1,4.0,-1.0,1.0,2.0,0.0,0.0,1.0,1.0,0.0,-1.0,-3.0,1.0,2.0,1.0,1.0,1.0,1.0
2026-06-11-series-context-v1,2021-22,42100145,2022-04-26,1610612740,NOP,1610612756,PHX,0,5.0,0.0,2.0,2.0,0.0,0.0,0.0,0.0,0.0,1.0,15.0,2.0,1.0,1.0,1.0,1.0,1.0
2026-06-11-series-context-v1,2021-22,42100146,2022-04-28,1610612740,NOP,1610612756,PHX,0,6.0,-1.0,2.0,3.0,1.0,0.0,1.0,1.0,0.0,-1.0,-15.0,1.0,2.0,1.0,1.0,1.0,1.0
2026-06-11-series-context-v1,2021-22,42100231,2022-05-01,1610612744,GSW,1610612763,MEM,1,1.0,0.0,0.0,0.0,0.0,0.0,0.0,0.0,0.0,0.0,0.0,0.0,0.0,0.0,0.0,0.0,0.0
2026-06-11-series-context-v1,2021-22,42100232,2022-05-03,1610612744,GSW,1610612763,MEM,0,2.0,1.0,1.0,0.0,0.0,0.0,0.0,0.0,1.0,1.0,1.0,1.0,0.0,1.0,0.0,0.0,1.0
2026-06-11-series-context-v1,2021-22,42100233,2022-05-07,1610612744,GSW,1610612763,MEM,1,3.0,0.0,1.0,1.0,0.0,0.0,1.0,0.0,0.0,-1.0,-5.0,1.0,1.0,1.0,0.0,0.0,1.0
2026-06-11-series-context-v1,2021-22,42100234,2022-05-09,1610612744,GSW,1610612763,MEM,1,4.0,1.0,2.0,1.0,0.0,0.0,1.0,0.0,1.0,1.0,30.0,2.0,1.0,1.0,0.0,0.0,1.0
2026-06-11-series-context-v1,2021-22,42100235,2022-05-11,1610612744,GSW,1610612763,MEM,0,5.0,2.0,3.0,1.0,0.0,1.0,0.0,0.0,1.0,1.0,3.0,2.0,1.0,1.0,0.0,0.0,1.0
2026-06-11-series-context-v1,2021-22,42100236,2022-05-13,1610612744,GSW,1610612763,MEM,1,6.0,1.0,3.0,2.0,0.0,1.0,1.0,0.0,1.0,-1.0,-39.0,2.0,1.0,1.0,0.0,0.0,1.0
2026-06-11-series-context-v1,2021-22,42100211,2022-05-01,1610612738,BOS,1610612749,MIL,0,1.0,0.0,0.0,0.0,0.0,0.0,1.0,0.0,0.0,0.0,0.0,0.0,0.0,0.0,0.0,0.0,0.0
2026-06-11-series-context-v1,2021-22,42100212,2022-05-03,1610612738,BOS,1610612749,MIL,1,2.0,-1.0,0.0,1.0,0.0,0.0,1.0,1.0,0.0,-1.0,-12.0,0.0,1.0,0.0,1.0,1.0,0.0
2026-06-11-series-context-v1,2021-22,42100213,2022-05-07,1610612738,BOS,1610612749,MIL,0,3.0,0.0,1.0,1.0,0.0,0.0,0.0,0.0,0.0,1.0,23.0,1.0,1.0,0.0,1.0,1.0,0.0
2026-06-11-series-context-v1,2021-22,42100214,2022-05-09,1610612738,BOS,1610612749,MIL,1,4.0,-1.0,1.0,2.0,0.0,0.0,0.0,1.0,0.0,-1.0,-2.0,1.0,2.0,0.0,1.0,1.0,0.0
2026-06-11-series-context-v1,2021-22,42100215,2022-05-11,1610612738,BOS,1610612749,MIL,0,5.0,0.0,2.0,2.0,0.0,0.0,1.0,0.0,0.0,1.0,8.0,2.0,1.0,1.0,1.0,1.0,1.0
2026-06-11-series-context-v1,2021-22,42100216,2022-05-13,1610612738,BOS,1610612749,MIL,1,6.0,-1.0,2.0,3.0,1.0,0.0,0.0,1.0,0.0,-1.0,-3.0,1.0,2.0,1.0,2.0,2.0,1.0
2026-06-11-series-context-v1,2021-22,42100217,2022-05-15,1610612738,BOS,1610612749,MIL,1,7.0,0.0,3.0,3.0,1.0,1.0,1.0,0.0,0.0,1.0,13.0,2.0,1.0,2.0,2.0,2.0,2.0
2026-06-11-series-context-v1,2021-22,42100221,2022-05-02,1610612742,DAL,1610612756,PHX,0,1.0,0.0,0.0,0.0,0.0,0.0,0.0,0.0,0.0,0.0,0.0,0.0,0.0,0.0,0.0,0.0,0.0
2026-06-11-series-context-v1,2021-22,42100222,2022-05-04,1610612742,DAL,1610612756,PHX,0,2.0,-1.0,0.0,1.0,0.0,0.0,0.0,1.0,0.0,-1.0,-7.0,0.0,1.0,0.0,0.0,0.0,0.0
2026-06-11-series-context-v1,2021-22,42100223,2022-05-06,1610612742,DAL,1610612756,PHX,1,3.0,-2.0,0.0,2.0,0.0,0.0,1.0,1.0,0.0,-1.0,-20.0,0.0,2.0,0.0,0.0,0.0,0.0
2026-06-11-series-context-v1,2021-22,42100224,2022-05-08,1610612742,DAL,1610612756,PHX,1,4.0,-1.0,1.0,2.0,0.0,0.0,1.0,1.0,0.0,1.0,9.0,1.0,2.0,0.0,0.0,0.0,0.0
2026-06-11-series-context-v1,2021-22,42100225,2022-05-10,1610612742,DAL,1610612756,PHX,0,5.0,0.0,2.0,2.0,0.0,0.0,0.0,0.0,0.0,1.0,10.0,2.0,1.0,0.0,0.0,0.0,0.0
2026-06-11-series-context-v1,2021-22,42100226,2022-05-12,1610612742,DAL,1610612756,PHX,1,6.0,-1.0,2.0,3.0,1.0,0.0,1.0,1.0,0.0,-1.0,-30.0,2.0,1.0,0.0,0.0,0.0,0.0
2026-06-11-series-context-v1,2021-22,42100227,2022-05-15,1610612742,DAL,1610612756,PHX,1,7.0,0.0,3.0,3.0,1.0,1.0,0.0,0.0,0.0,1.0,27.0,2.0,1.0,0.0,0.0,0.0,0.0
2026-06-11-series-context-v1,2021-22,42100201,2022-05-02,1610612748,MIA,1610612755,PHI,1,1.0,0.0,0.0,0.0,0.0,0.0,1.0,0.0,0.0,0.0,0.0,0.0,0.0,0.0,0.0,0.0,0.0
2026-06-11-series-context-v1,2021-22,42100202,2022-05-04,1610612748,MIA,1610612755,PHI,1,2.0,1.0,1.0,0.0,0.0,0.0,1.0,0.0,1.0,1.0,14.0,1.0,0.0,0.0,0.0,0.0,0.0
2026-06-11-series-context-v1,2021-22,42100203,2022-05-06,1610612748,MIA,1610612755,PHI,0,3.0,2.0,2.0,0.0,0.0,0.0,0.0,0.0,1.0,1.0,16.0,2.0,0.0,0.0,0.0,0.0,0.0
2026-06-11-series-context-v1,2021-22,42100204,2022-05-08,1610612748,MIA,1610612755,PHI,0,4.0,1.0,2.0,1.0,0.0,0.0,0.0,0.0,1.0,-1.0,-20.0,2.0,1.0,0.0,0.0,0.0,0.0
2026-06-11-series-context-v1,2021-22,42100205,2022-05-10,1610612748,MIA,1610612755,PHI,1,5.0,0.0,2.0,2.0,0.0,0.0,1.0,0.0,0.0,-1.0,-8.0,1.0,2.0,0.0,0.0,0.0,0.0
2026-06-11-series-context-v1,2021-22,42100206,2022-05-12,1610612748,MIA,1610612755,PHI,1,6.0,1.0,3.0,2.0,0.0,1.0,0.0,0.0,1.0,1.0,35.0,1.0,2.0,0.0,0.0,0.0,0.0
2026-06-11-series-context-v1,2021-22,42100301,2022-05-17,1610612738,BOS,1610612748,MIA,0,1.0,0.0,0.0,0.0,0.0,0.0,0.0,0.0,0.0,0.0,0.0,0.0,0.0,0.0,0.0,0.0,0.0
2026-06-11-series-context-v1,2021-22,42100302,2022-05-19,1610612738,BOS,1610612748,MIA,1,2.0,-1.0,0.0,1.0,0.0,0.0,0.0,1.0,0.0,-1.0,-11.0,0.0,1.0,0.0,0.0,0.0,0.0
2026-06-11-series-context-v1,2021-22,42100303,2022-05-21,1610612738,BOS,1610612748,MIA,0,3.0,0.0,1.0,1.0,0.0,0.0,1.0,0.0,0.0,1.0,25.0,1.0,1.0,1.0,0.0,0.0,1.0
2026-06-11-series-context-v1,2021-22,42100304,2022-05-23,1610612738,BOS,1610612748,MIA,1,4.0,-1.0,1.0,2.0,0.0,0.0,1.0,1.0,0.0,-1.0,-6.0,1.0,2.0,1.0,1.0,1.0,1.0
2026-06-11-series-context-v1,2021-22,42100305,2022-05-25,1610612738,BOS,1610612748,MIA,1,5.0,0.0,2.0,2.0,0.0,0.0,0.0,0.0,0.0,1.0,20.0,2.0,1.0,1.0,1.0,1.0,1.0
2026-06-11-series-context-v1,2021-22,42100306,2022-05-27,1610612738,BOS,1610612748,MIA,0,6.0,1.0,3.0,2.0,0.0,1.0,1.0,0.0,1.0,1.0,13.0,2.0,1.0,2.0,1.0,1.0,2.0
2026-06-11-series-context-v1,2021-22,42100307,2022-05-29,1610612738,BOS,1610612748,MIA,1,7.0,0.0,3.0,3.0,1.0,1.0,0.0,0.0,0.0,-1.0,-8.0,2.0,1.0,2.0,2.0,2.0,2.0
2026-06-11-series-context-v1,2021-22,42100311,2022-05-18,1610612742,DAL,1610612744,GSW,0,1.0,0.0,0.0,0.0,0.0,0.0,0.0,0.0,0.0,0.0,0.0,0.0,0.0,0.0,0.0,0.0,0.0
2026-06-11-series-context-v1,2021-22,42100312,2022-05-20,1610612742,DAL,1610612744,GSW,0,2.0,-1.0,0.0,1.0,0.0,0.0,0.0,1.0,0.0,-1.0,-25.0,0.0,1.0,0.0,0.0,0.0,0.0
2026-06-11-series-context-v1,2021-22,42100313,2022-05-22,1610612742,DAL,1610612744,GSW,0,3.0,-2.0,0.0,2.0,0.0,0.0,1.0,1.0,0.0,-1.0,-9.0,0.0,2.0,0.0,0.0,0.0,0.0
2026-06-11-series-context-v1,2021-22,42100314,2022-05-24,1610612742,DAL,1610612744,GSW,1,4.0,-3.0,0.0,3.0,1.0,0.0,1.0,1.0,0.0,-1.0,-9.0,0.0,3.0,0.0,1.0,1.0,0.0
2026-06-11-series-context-v1,2021-22,42100315,2022-05-26,1610612742,DAL,1610612744,GSW,0,5.0,-2.0,1.0,3.0,1.0,0.0,0.0,1.0,0.0,1.0,10.0,1.0,2.0,0.0,1.0,1.0,0.0
2026-06-11-series-context-v1,2021-22,42100401,2022-06-02,1610612738,BOS,1610612744,GSW,1,1.0,0.0,0.0,0.0,0.0,0.0,0.0,0.0,0.0,0.0,0.0,0.0,0.0,0.0,0.0,0.0,0.0
2026-06-11-series-context-v1,2021-22,42100402,2022-06-05,1610612738,BOS,1610612744,GSW,0,2.0,1.0,1.0,0.0,0.0,0.0,0.0,0.0,1.0,1.0,12.0,1.0,0.0,1.0,0.0,0.0,1.0
2026-06-11-series-context-v1,2021-22,42100403,2022-06-08,1610612738,BOS,1610612744,GSW,1,3.0,0.0,1.0,1.0,0.0,0.0,1.0,0.0,0.0,-1.0,-19.0,1.0,1.0,1.0,0.0,0.0,1.0
2026-06-11-series-context-v1,2021-22,42100404,2022-06-10,1610612738,BOS,1610612744,GSW,0,4.0,1.0,2.0,1.0,0.0,0.0,1.0,0.0,1.0,1.0,16.0,2.0,1.0,1.0,0.0,0.0,1.0
2026-06-11-series-context-v1,2021-22,42100405,2022-06-13,1610612738,BOS,1610612744,GSW,0,5.0,0.0,2.0,2.0,0.0,0.0,0.0,0.0,0.0,-1.0,-10.0,1.0,2.0,1.0,1.0,1.0,1.0
2026-06-11-series-context-v1,2021-22,42100406,2022-06-16,1610612738,BOS,1610612744,GSW,0,6.0,-1.0,2.0,3.0,1.0,0.0,1.0,1.0,0.0,-1.0,-10.0,1.0,2.0,1.0,1.0,1.0,1.0
2026-06-11-series-context-v1,2022-23,42200111,2023-04-15,1610612737,ATL,1610612738,BOS,0,1.0,0.0,0.0,0.0,0.0,0.0,0.0,0.0,0.0,0.0,0.0,0.0,0.0,0.0,0.0,0.0,0.0
2026-06-11-series-context-v1,2022-23,42200112,2023-04-18,1610612737,ATL,1610612738,BOS,0,2.0,-1.0,0.0,1.0,0.0,0.0,0.0,1.0,0.0,-1.0,-13.0,0.0,1.0,0.0,0.0,0.0,0.0
2026-06-11-series-context-v1,2022-23,42200113,2023-04-21,1610612737,ATL,1610612738,BOS,1,3.0,-2.0,0.0,2.0,0.0,0.0,1.0,1.0,0.0,-1.0,-13.0,0.0,2.0,0.0,0.0,0.0,0.0
2026-06-11-series-context-v1,2022-23,42200114,2023-04-23,1610612737,ATL,1610612738,BOS,0,4.0,-1.0,1.0,2.0,0.0,0.0,1.0,1.0,0.0,1.0,8.0,1.0,2.0,0.0,0.0,0.0,0.0
2026-06-11-series-context-v1,2022-23,42200115,2023-04-25,1610612737,ATL,1610612738,BOS,1,5.0,-2.0,1.0,3.0,1.0,0.0,0.0,1.0,0.0,-1.0,-8.0,1.0,2.0,0.0,1.0,1.0,0.0
2026-06-11-series-context-v1,2022-23,42200116,2023-04-27,1610612737,ATL,1610612738,BOS,0,6.0,-1.0,2.0,3.0,1.0,0.0,1.0,1.0,0.0,1.0,2.0,2.0,1.0,1.0,1.0,1.0,1.0
2026-06-11-series-context-v1,2022-23,42200131,2023-04-15,1610612739,CLE,1610612752,NYK,0,1.0,0.0,0.0,0.0,0.0,0.0,1.0,0.0,0.0,0.0,0.0,0.0,0.0,0.0,0.0,0.0,0.0
2026-06-11-series-context-v1,2022-23,42200132,2023-04-18,1610612739,CLE,1610612752,NYK,1,2.0,-1.0,0.0,1.0,0.0,0.0,1.0,1.0,0.0,-1.0,-4.0,0.0,1.0,0.0,1.0,1.0,0.0
2026-06-11-series-context-v1,2022-23,42200133,2023-04-21,1610612739,CLE,1610612752,NYK,0,3.0,0.0,1.0,1.0,0.0,0.0,0.0,0.0,0.0,1.0,17.0,1.0,1.0,0.0,1.0,1.0,0.0
2026-06-11-series-context-v1,2022-23,42200134,2023-04-23,1610612739,CLE,1610612752,NYK,0,4.0,-1.0,1.0,2.0,0.0,0.0,0.0,1.0,0.0,-1.0,-20.0,1.0,2.0,0.0,1.0,1.0,0.0
2026-06-11-series-context-v1,2022-23,42200135,2023-04-26,1610612739,CLE,1610612752,NYK,0,5.0,-2.0,1.0,3.0,1.0,0.0,1.0,1.0,0.0,-1.0,-9.0,1.0,2.0,0.0,1.0,1.0,0.0
2026-06-11-series-context-v1,2022-23,42200121,2023-04-15,1610612751,BKN,1610612755,PHI,0,1.0,0.0,0.0,0.0,0.0,0.0,0.0,0.0,0.0,0.0,0.0,0.0,0.0,0.0,0.0,0.0,0.0
2026-06-11-series-context-v1,2022-23,42200122,2023-04-17,1610612751,BKN,1610612755,PHI,0,2.0,-1.0,0.0,1.0,0.0,0.0,0.0,1.0,0.0,-1.0,-20.0,0.0,1.0,0.0,0.0,0.0,0.0
2026-06-11-series-context-v1,2022-23,42200123,2023-04-20,1610612751,BKN,1610612755,PHI,0,3.0,-2.0,0.0,2.0,0.0,0.0,1.0,1.0,0.0,-1.0,-12.0,0.0,2.0,0.0,0.0,0.0,0.0
2026-06-11-series-context-v1,2022-23,42200124,2023-04-22,1610612751,BKN,1610612755,PHI,0,4.0,-3.0,0.0,3.0,1.0,0.0,1.0,1.0,0.0,-1.0,-5.0,0.0,3.0,0.0,1.0,1.0,0.0
2026-06-11-series-context-v1,2022-23,42200161,2023-04-15,1610612744,GSW,1610612758,SAC,0,1.0,0.0,0.0,0.0,0.0,0.0,0.0,0.0,0.0,0.0,0.0,0.0,0.0,0.0,0.0,0.0,0.0
2026-06-11-series-context-v1,2022-23,42200162,2023-04-17,1610612744,GSW,1610612758,SAC,0,2.0,-1.0,0.0,1.0,0.0,0.0,0.0,1.0,0.0,-1.0,-3.0,0.0,1.0,0.0,0.0,0.0,0.0
2026-06-11-series-context-v1,2022-23,42200163,2023-04-20,1610612744,GSW,1610612758,SAC,1,3.0,-2.0,0.0,2.0,0.0,0.0,1.0,1.0,0.0,-1.0,-8.0,0.0,2.0,0.0,0.0,0.0,0.0
2026-06-11-series-context-v1,2022-23,42200164,2023-04-23,1610612744,GSW,1610612758,SAC,1,4.0,-1.0,1.0,2.0,0.0,0.0,1.0,1.0,0.0,1.0,17.0,1.0,2.0,0.0,0.0,0.0,0.0
2026-06-11-series-context-v1,2022-23,42200165,2023-04-26,1610612744,GSW,1610612758,SAC,1,5.0,0.0,2.0,2.0,0.0,0.0,0.0,0.0,0.0,1.0,1.0,2.0,1.0,0.0,0.0,0.0,0.0
2026-06-11-series-context-v1,2022-23,42200166,2023-04-28,1610612744,GSW,1610612758,SAC,0,6.0,1.0,3.0,2.0,0.0,1.0,1.0,0.0,1.0,1.0,7.0,3.0,0.0,1.0,0.0,0.0,1.0
2026-06-11-series-context-v1,2022-23,42200167,2023-04-30,1610612744,GSW,1610612758,SAC,1,7.0,0.0,3.0,3.0,1.0,1.0,0.0,0.0,0.0,-1.0,-19.0,2.0,1.0,1.0,1.0,1.0,1.0
2026-06-11-series-context-v1,2022-23,42200141,2023-04-16,1610612743,DEN,1610612750,MIN,1,1.0,0.0,0.0,0.0,0.0,0.0,1.0,0.0,0.0,0.0,0.0,0.0,0.0,0.0,0.0,0.0,0.0
2026-06-11-series-context-v1,2022-23,42200142,2023-04-19,1610612743,DEN,1610612750,MIN,1,2.0,1.0,1.0,0.0,0.0,0.0,1.0,0.0,1.0,1.0,29.0,1.0,0.0,0.0,0.0,0.0,0.0
2026-06-11-series-context-v1,2022-23,42200143,2023-04-21,1610612743,DEN,1610612750,MIN,1,3.0,2.0,2.0,0.0,0.0,0.0,0.0,0.0,1.0,1.0,9.0,2.0,0.0,0.0,0.0,0.0,0.0
2026-06-11-series-context-v1,2022-23,42200144,2023-04-23,1610612743,DEN,1610612750,MIN,0,4.0,3.0,3.0,0.0,0.0,1.0,0.0,0.0,1.0,1.0,9.0,3.0,0.0,1.0,0.0,0.0,1.0
2026-06-11-series-context-v1,2022-23,42200145,2023-04-25,1610612743,DEN,1610612750,MIN,1,5.0,2.0,3.0,1.0,0.0,1.0,1.0,0.0,1.0,-1.0,-6.0,2.0,1.0,1.0,0.0,0.0,1.0
2026-06-11-series-context-v1,2022-23,42200151,2023-04-16,1610612747,LAL,1610612763,MEM,1,1.0,0.0,0.0,0.0,0.0,0.0,0.0,0.0,0.0,0.0,0.0,0.0,0.0,0.0,0.0,0.0,0.0
2026-06-11-series-context-v1,2022-23,42200152,2023-04-19,1610612747,LAL,1610612763,MEM,0,2.0,1.0,1.0,0.0,0.0,0.0,0.0,0.0,1.0,1.0,16.0,1.0,0.0,1.0,0.0,0.0,1.0
2026-06-11-series-context-v1,2022-23,42200153,2023-04-22,1610612747,LAL,1610612763,MEM,1,3.0,0.0,1.0,1.0,0.0,0.0,1.0,0.0,0.0,-1.0,-10.0,1.0,1.0,1.0,0.0,0.0,1.0
2026-06-11-series-context-v1,2022-23,42200154,2023-04-24,1610612747,LAL,1610612763,MEM,1,4.0,1.0,2.0,1.0,0.0,0.0,1.0,0.0,1.0,1.0,10.0,2.0,1.0,1.0,0.0,0.0,1.0
2026-06-11-series-context-v1,2022-23,42200155,2023-04-26,1610612747,LAL,1610612763,MEM,0,5.0,2.0,3.0,1.0,0.0,1.0,0.0,0.0,1.0,1.0,6.0,2.0,1.0,1.0,0.0,0.0,1.0
2026-06-11-series-context-v1,2022-23,42200156,2023-04-28,1610612747,LAL,1610612763,MEM,1,6.0,1.0,3.0,2.0,0.0,1.0,1.0,0.0,1.0,-1.0,-17.0,2.0,1.0,1.0,0.0,0.0,1.0
2026-06-11-series-context-v1,2022-23,42200101,2023-04-16,1610612748,MIA,1610612749,MIL,1,1.0,0.0,0.0,0.0,0.0,0.0,0.0,0.0,0.0,0.0,0.0,0.0,0.0,0.0,0.0,0.0,0.0
2026-06-11-series-context-v1,2022-23,42200102,2023-04-19,1610612748,MIA,1610612749,MIL,0,2.0,1.0,1.0,0.0,0.0,0.0,0.0,0.0,1.0,1.0,13.0,1.0,0.0,1.0,0.0,0.0,1.0
2026-06-11-series-context-v1,2022-23,42200103,2023-04-22,1610612748,MIA,1610612749,MIL,1,3.0,0.0,1.0,1.0,0.0,0.0,1.0,0.0,0.0,-1.0,-16.0,1.0,1.0,1.0,0.0,0.0,1.0
2026-06-11-series-context-v1,2022-23,42200104,2023-04-24,1610612748,MIA,1610612749,MIL,1,4.0,1.0,2.0,1.0,0.0,0.0,1.0,0.0,1.0,1.0,22.0,2.0,1.0,1.0,0.0,0.0,1.0
2026-06-11-series-context-v1,2022-23,42200105,2023-04-26,1610612748,MIA,1610612749,MIL,1,5.0,2.0,3.0,1.0,0.0,1.0,0.0,0.0,1.0,1.0,5.0,2.0,1.0,1.0,0.0,0.0,1.0
2026-06-11-series-context-v1,2022-23,42200171,2023-04-16,1610612746,LAC,1610612756,PHX,1,1.0,0.0,0.0,0.0,0.0,0.0,0.0,0.0,0.0,0.0,0.0,0.0,0.0,0.0,0.0,0.0,0.0
2026-06-11-series-context-v1,2022-23,42200172,2023-04-18,1610612746,LAC,1610612756,PHX,0,2.0,1.0,1.0,0.0,0.0,0.0,0.0,0.0,1.0,1.0,5.0,1.0,0.0,1.0,0.0,0.0,1.0
2026-06-11-series-context-v1,2022-23,42200173,2023-04-20,1610612746,LAC,1610612756,PHX,0,3.0,0.0,1.0,1.0,0.0,0.0,1.0,0.0,0.0,-1.0,-14.0,1.0,1.0,1.0,0.0,0.0,1.0
2026-06-11-series-context-v1,2022-23,42200174,2023-04-22,1610612746,LAC,1610612756,PHX,0,4.0,-1.0,1.0,2.0,0.0,0.0,1.0,1.0,0.0,-1.0,-5.0,1.0,2.0,1.0,1.0,1.0,1.0
2026-06-11-series-context-v1,2022-23,42200175,2023-04-25,1610612746,LAC,1610612756,PHX,0,5.0,-2.0,1.0,3.0,1.0,0.0,0.0,1.0,0.0,-1.0,-12.0,0.0,3.0,1.0,2.0,2.0,1.0
2026-06-11-series-context-v1,2022-23,42200221,2023-04-29,1610612743,DEN,1610612756,PHX,1,1.0,0.0,0.0,0.0,0.0,0.0,1.0,0.0,0.0,0.0,0.0,0.0,0.0,0.0,0.0,0.0,0.0
2026-06-11-series-context-v1,2022-23,42200222,2023-05-01,1610612743,DEN,1610612756,PHX,1,2.0,1.0,1.0,0.0,0.0,0.0,1.0,0.0,1.0,1.0,18.0,1.0,0.0,0.0,0.0,0.0,0.0
2026-06-11-series-context-v1,2022-23,42200223,2023-05-05,1610612743,DEN,1610612756,PHX,0,3.0,2.0,2.0,0.0,0.0,0.0,0.0,0.0,1.0,1.0,10.0,2.0,0.0,0.0,0.0,0.0,0.0
2026-06-11-series-context-v1,2022-23,42200224,2023-05-07,1610612743,DEN,1610612756,PHX,0,4.0,1.0,2.0,1.0,0.0,0.0,0.0,0.0,1.0,-1.0,-7.0,2.0,1.0,0.0,0.0,0.0,0.0
2026-06-11-series-context-v1,2022-23,42200225,2023-05-09,1610612743,DEN,1610612756,PHX,1,5.0,0.0,2.0,2.0,0.0,0.0,1.0,0.0,0.0,-1.0,-5.0,1.0,2.0,0.0,0.0,0.0,0.0
2026-06-11-series-context-v1,2022-23,42200226,2023-05-11,1610612743,DEN,1610612756,PHX,1,6.0,1.0,3.0,2.0,0.0,1.0,0.0,0.0,1.0,1.0,16.0,1.0,2.0,0.0,0.0,0.0,0.0
2026-06-11-series-context-v1,2022-23,42200201,2023-04-30,1610612748,MIA,1610612752,NYK,1,1.0,0.0,0.0,0.0,0.0,0.0,0.0,0.0,0.0,0.0,0.0,0.0,0.0,0.0,0.0,0.0,0.0
2026-06-11-series-context-v1,2022-23,42200202,2023-05-02,1610612748,MIA,1610612752,NYK,0,2.0,1.0,1.0,0.0,0.0,0.0,0.0,0.0,1.0,1.0,7.0,1.0,0.0,1.0,0.0,0.0,1.0
2026-06-11-series-context-v1,2022-23,42200203,2023-05-06,1610612748,MIA,1610612752,NYK,1,3.0,0.0,1.0,1.0,0.0,0.0,1.0,0.0,0.0,-1.0,-6.0,1.0,1.0,1.0,0.0,0.0,1.0
2026-06-11-series-context-v1,2022-23,42200204,2023-05-08,1610612748,MIA,1610612752,NYK,1,4.0,1.0,2.0,1.0,0.0,0.0,1.0,0.0,1.0,1.0,19.0,2.0,1.0,1.0,0.0,0.0,1.0
2026-06-11-series-context-v1,2022-23,42200205,2023-05-10,1610612748,MIA,1610612752,NYK,0,5.0,2.0,3.0,1.0,0.0,1.0,0.0,0.0,1.0,1.0,8.0,2.0,1.0,1.0,0.0,0.0,1.0
2026-06-11-series-context-v1,2022-23,42200206,2023-05-12,1610612748,MIA,1610612752,NYK,1,6.0,1.0,3.0,2.0,0.0,1.0,1.0,0.0,1.0,-1.0,-9.0,2.0,1.0,1.0,0.0,0.0,1.0
2026-06-11-series-context-v1,2022-23,42200211,2023-05-01,1610612738,BOS,1610612755,PHI,0,1.0,0.0,0.0,0.0,0.0,0.0,1.0,0.0,0.0,0.0,0.0,0.0,0.0,0.0,0.0,0.0,0.0
2026-06-11-series-context-v1,2022-23,42200212,2023-05-03,1610612738,BOS,1610612755,PHI,1,2.0,-1.0,0.0,1.0,0.0,0.0,1.0,1.0,0.0,-1.0,-4.0,0.0,1.0,0.0,1.0,1.0,0.0
2026-06-11-series-context-v1,2022-23,42200213,2023-05-05,1610612738,BOS,1610612755,PHI,1,3.0,0.0,1.0,1.0,0.0,0.0,0.0,0.0,0.0,1.0,34.0,1.0,1.0,0.0,1.0,1.0,0.0
2026-06-11-series-context-v1,2022-23,42200214,2023-05-07,1610612738,BOS,1610612755,PHI,0,4.0,1.0,2.0,1.0,0.0,0.0,0.0,0.0,1.0,1.0,12.0,2.0,1.0,1.0,1.0,1.0,1.0
2026-06-11-series-context-v1,2022-23,42200215,2023-05-09,1610612738,BOS,1610612755,PHI,0,5.0,0.0,2.0,2.0,0.0,0.0,1.0,0.0,0.0,-1.0,-1.0,2.0,1.0,1.0,1.0,1.0,1.0
2026-06-11-series-context-v1,2022-23,42200216,2023-05-11,1610612738,BOS,1610612755,PHI,1,6.0,-1.0,2.0,3.0,1.0,0.0,0.0,1.0,0.0,-1.0,-12.0,1.0,2.0,1.0,2.0,2.0,1.0
2026-06-11-series-context-v1,2022-23,42200217,2023-05-14,1610612738,BOS,1610612755,PHI,1,7.0,0.0,3.0,3.0,1.0,1.0,1.0,0.0,0.0,1.0,9.0,1.0,2.0,2.0,2.0,2.0,2.0
2026-06-11-series-context-v1,2022-23,42200231,2023-05-02,1610612744,GSW,1610612747,LAL,0,1.0,0.0,0.0,0.0,0.0,0.0,1.0,0.0,0.0,0.0,0.0,0.0,0.0,0.0,0.0,0.0,0.0
2026-06-11-series-context-v1,2022-23,42200232,2023-05-04,1610612744,GSW,1610612747,LAL,1,2.0,-1.0,0.0,1.0,0.0,0.0,1.0,1.0,0.0,-1.0,-5.0,0.0,1.0,0.0,1.0,1.0,0.0
2026-06-11-series-context-v1,2022-23,42200233,2023-05-06,1610612744,GSW,1610612747,LAL,0,3.0,0.0,1.0,1.0,0.0,0.0,0.0,0.0,0.0,1.0,27.0,1.0,1.0,0.0,1.0,1.0,0.0
2026-06-11-series-context-v1,2022-23,42200234,2023-05-08,1610612744,GSW,1610612747,LAL,0,4.0,-1.0,1.0,2.0,0.0,0.0,0.0,1.0,0.0,-1.0,-30.0,1.0,2.0,0.0,1.0,1.0,0.0
2026-06-11-series-context-v1,2022-23,42200235,2023-05-10,1610612744,GSW,1610612747,LAL,1,5.0,-2.0,1.0,3.0,1.0,0.0,1.0,1.0,0.0,-1.0,-3.0,1.0,2.0,0.0,1.0,1.0,0.0
2026-06-11-series-context-v1,2022-23,42200236,2023-05-12,1610612744,GSW,1610612747,LAL,0,6.0,-1.0,2.0,3.0,1.0,0.0,0.0,1.0,0.0,1.0,15.0,1.0,2.0,0.0,1.0,1.0,0.0
2026-06-11-series-context-v1,2022-23,42200311,2023-05-16,1610612743,DEN,1610612747,LAL,1,1.0,0.0,0.0,0.0,0.0,0.0,1.0,0.0,0.0,0.0,0.0,0.0,0.0,0.0,0.0,0.0,0.0
2026-06-11-series-context-v1,2022-23,42200312,2023-05-18,1610612743,DEN,1610612747,LAL,1,2.0,1.0,1.0,0.0,0.0,0.0,1.0,0.0,1.0,1.0,6.0,1.0,0.0,0.0,0.0,0.0,0.0
2026-06-11-series-context-v1,2022-23,42200313,2023-05-20,1610612743,DEN,1610612747,LAL,1,3.0,2.0,2.0,0.0,0.0,0.0,0.0,0.0,1.0,1.0,5.0,2.0,0.0,0.0,0.0,0.0,0.0
2026-06-11-series-context-v1,2022-23,42200314,2023-05-22,1610612743,DEN,1610612747,LAL,1,4.0,3.0,3.0,0.0,0.0,1.0,0.0,0.0,1.0,1.0,11.0,3.0,0.0,1.0,0.0,0.0,1.0
2026-06-11-series-context-v1,2022-23,42200301,2023-05-17,1610612738,BOS,1610612748,MIA,0,1.0,0.0,0.0,0.0,0.0,0.0,1.0,0.0,0.0,0.0,0.0,0.0,0.0,0.0,0.0,0.0,0.0
2026-06-11-series-context-v1,2022-23,42200302,2023-05-19,1610612738,BOS,1610612748,MIA,0,2.0,-1.0,0.0,1.0,0.0,0.0,1.0,1.0,0.0,-1.0,-7.0,0.0,1.0,0.0,1.0,1.0,0.0
2026-06-11-series-context-v1,2022-23,42200303,2023-05-21,1610612738,BOS,1610612748,MIA,0,3.0,-2.0,0.0,2.0,0.0,0.0,0.0,1.0,0.0,-1.0,-6.0,0.0,2.0,0.0,2.0,2.0,0.0
2026-06-11-series-context-v1,2022-23,42200304,2023-05-23,1610612738,BOS,1610612748,MIA,1,4.0,-3.0,0.0,3.0,1.0,0.0,0.0,1.0,0.0,-1.0,-26.0,0.0,3.0,0.0,2.0,2.0,0.0
2026-06-11-series-context-v1,2022-23,42200305,2023-05-25,1610612738,BOS,1610612748,MIA,1,5.0,-2.0,1.0,3.0,1.0,0.0,1.0,1.0,0.0,1.0,17.0,1.0,2.0,1.0,2.0,2.0,1.0
2026-06-11-series-context-v1,2022-23,42200306,2023-05-27,1610612738,BOS,1610612748,MIA,1,6.0,-1.0,2.0,3.0,1.0,0.0,0.0,1.0,0.0,1.0,13.0,2.0,1.0,1.0,2.0,2.0,1.0
2026-06-11-series-context-v1,2022-23,42200307,2023-05-29,1610612738,BOS,1610612748,MIA,0,7.0,0.0,3.0,3.0,1.0,1.0,1.0,0.0,0.0,1.0,1.0,3.0,0.0,2.0,2.0,2.0,2.0
2026-06-11-series-context-v1,2022-23,42200401,2023-06-01,1610612743,DEN,1610612748,MIA,1,1.0,0.0,0.0,0.0,0.0,0.0,1.0,0.0,0.0,0.0,0.0,0.0,0.0,0.0,0.0,0.0,0.0
2026-06-11-series-context-v1,2022-23,42200402,2023-06-04,1610612743,DEN,1610612748,MIA,0,2.0,1.0,1.0,0.0,0.0,0.0,1.0,0.0,1.0,1.0,11.0,1.0,0.0,0.0,0.0,0.0,0.0
2026-06-11-series-context-v1,2022-23,42200403,2023-06-07,1610612743,DEN,1610612748,MIA,1,3.0,0.0,1.0,1.0,0.0,0.0,0.0,0.0,0.0,-1.0,-3.0,1.0,1.0,0.0,1.0,1.0,0.0
2026-06-11-series-context-v1,2022-23,42200404,2023-06-09,1610612743,DEN,1610612748,MIA,1,4.0,1.0,2.0,1.0,0.0,0.0,0.0,0.0,1.0,1.0,15.0,2.0,1.0,1.0,1.0,1.0,1.0
2026-06-11-series-context-v1,2022-23,42200405,2023-06-12,1610612743,DEN,1610612748,MIA,1,5.0,2.0,3.0,1.0,0.0,1.0,1.0,0.0,1.0,1.0,13.0,2.0,1.0,2.0,1.0,1.0,2.0
2026-06-11-series-context-v1,2023-24,42300161,2024-04-20,1610612750,MIN,1610612756,PHX,1,1.0,0.0,0.0,0.0,0.0,0.0,1.0,0.0,0.0,0.0,0.0,0.0,0.0,0.0,0.0,0.0,0.0
2026-06-11-series-context-v1,2023-24,42300162,2024-04-23,1610612750,MIN,1610612756,PHX,1,2.0,1.0,1.0,0.0,0.0,0.0,1.0,0.0,1.0,1.0,25.0,1.0,0.0,0.0,0.0,0.0,0.0
2026-06-11-series-context-v1,2023-24,42300163,2024-04-26,1610612750,MIN,1610612756,PHX,1,3.0,2.0,2.0,0.0,0.0,0.0,0.0,0.0,1.0,1.0,12.0,2.0,0.0,0.0,0.0,0.0,0.0
2026-06-11-series-context-v1,2023-24,42300164,2024-04-28,1610612750,MIN,1610612756,PHX,1,4.0,3.0,3.0,0.0,0.0,1.0,0.0,0.0,1.0,1.0,17.0,3.0,0.0,1.0,0.0,0.0,1.0
2026-06-11-series-context-v1,2023-24,42300111,2024-04-20,1610612752,NYK,1610612755,PHI,1,1.0,0.0,0.0,0.0,0.0,0.0,1.0,0.0,0.0,0.0,0.0,0.0,0.0,0.0,0.0,0.0,0.0
2026-06-11-series-context-v1,2023-24,42300112,2024-04-22,1610612752,NYK,1610612755,PHI,1,2.0,1.0,1.0,0.0,0.0,0.0,1.0,0.0,1.0,1.0,7.0,1.0,0.0,0.0,0.0,0.0,0.0
2026-06-11-series-context-v1,2023-24,42300113,2024-04-25,1610612752,NYK,1610612755,PHI,0,3.0,2.0,2.0,0.0,0.0,0.0,0.0,0.0,1.0,1.0,3.0,2.0,0.0,0.0,0.0,0.0,0.0
2026-06-11-series-context-v1,2023-24,42300114,2024-04-28,1610612752,NYK,1610612755,PHI,1,4.0,1.0,2.0,1.0,0.0,0.0,0.0,0.0,1.0,-1.0,-11.0,2.0,1.0,0.0,0.0,0.0,0.0
2026-06-11-series-context-v1,2023-24,42300115,2024-04-30,1610612752,NYK,1610612755,PHI,0,5.0,2.0,3.0,1.0,0.0,1.0,1.0,0.0,1.0,1.0,5.0,2.0,1.0,1.0,0.0,0.0,1.0
2026-06-11-series-context-v1,2023-24,42300116,2024-05-02,1610612752,NYK,1610612755,PHI,1,6.0,1.0,3.0,2.0,0.0,1.0,0.0,0.0,1.0,-1.0,-6.0,1.0,2.0,1.0,1.0,1.0,1.0
2026-06-11-series-context-v1,2023-24,42300131,2024-04-20,1610612739,CLE,1610612753,ORL,1,1.0,0.0,0.0,0.0,0.0,0.0,1.0,0.0,0.0,0.0,0.0,0.0,0.0,0.0,0.0,0.0,0.0
2026-06-11-series-context-v1,2023-24,42300132,2024-04-22,1610612739,CLE,1610612753,ORL,1,2.0,1.0,1.0,0.0,0.0,0.0,1.0,0.0,1.0,1.0,14.0,1.0,0.0,0.0,0.0,0.0,0.0
2026-06-11-series-context-v1,2023-24,42300133,2024-04-25,1610612739,CLE,1610612753,ORL,0,3.0,2.0,2.0,0.0,0.0,0.0,0.0,0.0,1.0,1.0,10.0,2.0,0.0,0.0,0.0,0.0,0.0
2026-06-11-series-context-v1,2023-24,42300134,2024-04-27,1610612739,CLE,1610612753,ORL,0,4.0,1.0,2.0,1.0,0.0,0.0,0.0,0.0,1.0,-1.0,-38.0,2.0,1.0,0.0,0.0,0.0,0.0
2026-06-11-series-context-v1,2023-24,42300135,2024-04-30,1610612739,CLE,1610612753,ORL,1,5.0,0.0,2.0,2.0,0.0,0.0,1.0,0.0,0.0,-1.0,-23.0,1.0,2.0,0.0,0.0,0.0,0.0
2026-06-11-series-context-v1,2023-24,42300136,2024-05-03,1610612739,CLE,1610612753,ORL,0,6.0,1.0,3.0,2.0,0.0,1.0,0.0,0.0,1.0,1.0,1.0,1.0,2.0,0.0,0.0,0.0,0.0
2026-06-11-series-context-v1,2023-24,42300137,2024-05-05,1610612739,CLE,1610612753,ORL,1,7.0,0.0,3.0,3.0,1.0,1.0,1.0,0.0,0.0,-1.0,-7.0,1.0,2.0,0.0,0.0,0.0,0.0
2026-06-11-series-context-v1,2023-24,42300151,2024-04-20,1610612743,DEN,1610612747,LAL,1,1.0,0.0,0.0,0.0,0.0,0.0,1.0,0.0,0.0,0.0,0.0,0.0,0.0,0.0,0.0,0.0,0.0
2026-06-11-series-context-v1,2023-24,42300152,2024-04-22,1610612743,DEN,1610612747,LAL,1,2.0,1.0,1.0,0.0,0.0,0.0,1.0,0.0,1.0,1.0,11.0,1.0,0.0,0.0,0.0,0.0,0.0
2026-06-11-series-context-v1,2023-24,42300153,2024-04-25,1610612743,DEN,1610612747,LAL,1,3.0,2.0,2.0,0.0,0.0,0.0,0.0,0.0,1.0,1.0,2.0,2.0,0.0,0.0,0.0,0.0,0.0
2026-06-11-series-context-v1,2023-24,42300154,2024-04-27,1610612743,DEN,1610612747,LAL,0,4.0,3.0,3.0,0.0,0.0,1.0,0.0,0.0,1.0,1.0,7.0,3.0,0.0,1.0,0.0,0.0,1.0
2026-06-11-series-context-v1,2023-24,42300155,2024-04-29,1610612743,DEN,1610612747,LAL,1,5.0,2.0,3.0,1.0,0.0,1.0,1.0,0.0,1.0,-1.0,-11.0,2.0,1.0,1.0,0.0,0.0,1.0
2026-06-11-series-context-v1,2023-24,42300101,2024-04-21,1610612738,BOS,1610612748,MIA,1,1.0,0.0,0.0,0.0,0.0,0.0,1.0,0.0,0.0,0.0,0.0,0.0,0.0,0.0,0.0,0.0,0.0
2026-06-11-series-context-v1,2023-24,42300102,2024-04-24,1610612738,BOS,1610612748,MIA,0,2.0,1.0,1.0,0.0,0.0,0.0,1.0,0.0,1.0,1.0,20.0,1.0,0.0,0.0,0.0,0.0,0.0
2026-06-11-series-context-v1,2023-24,42300103,2024-04-27,1610612738,BOS,1610612748,MIA,1,3.0,0.0,1.0,1.0,0.0,0.0,0.0,0.0,0.0,-1.0,-10.0,1.0,1.0,0.0,1.0,1.0,0.0
2026-06-11-series-context-v1,2023-24,42300104,2024-04-29,1610612738,BOS,1610612748,MIA,1,4.0,1.0,2.0,1.0,0.0,0.0,0.0,0.0,1.0,1.0,20.0,2.0,1.0,1.0,1.0,1.0,1.0
2026-06-11-series-context-v1,2023-24,42300105,2024-05-01,1610612738,BOS,1610612748,MIA,1,5.0,2.0,3.0,1.0,0.0,1.0,1.0,0.0,1.0,1.0,14.0,2.0,1.0,2.0,1.0,1.0,2.0
2026-06-11-series-context-v1,2023-24,42300141,2024-04-21,1610612740,NOP,1610612760,OKC,0,1.0,0.0,0.0,0.0,0.0,0.0,0.0,0.0,0.0,0.0,0.0,0.0,0.0,0.0,0.0,0.0,0.0
2026-06-11-series-context-v1,2023-24,42300142,2024-04-24,1610612740,NOP,1610612760,OKC,0,2.0,-1.0,0.0,1.0,0.0,0.0,0.0,1.0,0.0,-1.0,-2.0,0.0,1.0,0.0,0.0,0.0,0.0
2026-06-11-series-context-v1,2023-24,42300143,2024-04-27,1610612740,NOP,1610612760,OKC,0,3.0,-2.0,0.0,2.0,0.0,0.0,1.0,1.0,0.0,-1.0,-32.0,0.0,2.0,0.0,0.0,0.0,0.0
2026-06-11-series-context-v1,2023-24,42300144,2024-04-29,1610612740,NOP,1610612760,OKC,0,4.0,-3.0,0.0,3.0,1.0,0.0,1.0,1.0,0.0,-1.0,-21.0,0.0,3.0,0.0,1.0,1.0,0.0
2026-06-11-series-context-v1,2023-24,42300171,2024-04-21,1610612742,DAL,1610612746,LAC,0,1.0,0.0,0.0,0.0,0.0,0.0,0.0,0.0,0.0,0.0,0.0,0.0,0.0,0.0,0.0,0.0,0.0
2026-06-11-series-context-v1,2023-24,42300172,2024-04-23,1610612742,DAL,1610612746,LAC,1,2.0,-1.0,0.0,1.0,0.0,0.0,0.0,1.0,0.0,-1.0,-12.0,0.0,1.0,0.0,0.0,0.0,0.0
2026-06-11-series-context-v1,2023-24,42300173,2024-04-26,1610612742,DAL,1610612746,LAC,1,3.0,0.0,1.0,1.0,0.0,0.0,1.0,0.0,0.0,1.0,3.0,1.0,1.0,1.0,0.0,0.0,1.0
2026-06-11-series-context-v1,2023-24,42300174,2024-04-28,1610612742,DAL,1610612746,LAC,0,4.0,1.0,2.0,1.0,0.0,0.0,1.0,0.0,1.0,1.0,11.0,2.0,1.0,1.0,0.0,0.0,1.0
2026-06-11-series-context-v1,2023-24,42300175,2024-05-01,1610612742,DAL,1610612746,LAC,1,5.0,0.0,2.0,2.0,0.0,0.0,0.0,0.0,0.0,-1.0,-5.0,2.0,1.0,1.0,1.0,1.0,1.0
2026-06-11-series-context-v1,2023-24,42300176,2024-05-03,1610612742,DAL,1610612746,LAC,1,6.0,1.0,3.0,2.0,0.0,1.0,1.0,0.0,1.0,1.0,30.0,2.0,1.0,2.0,1.0,1.0,2.0
2026-06-11-series-context-v1,2023-24,42300121,2024-04-21,1610612749,MIL,1610612754,IND,1,1.0,0.0,0.0,0.0,0.0,0.0,1.0,0.0,0.0,0.0,0.0,0.0,0.0,0.0,0.0,0.0,0.0
2026-06-11-series-context-v1,2023-24,42300122,2024-04-23,1610612749,MIL,1610612754,IND,0,2.0,1.0,1.0,0.0,0.0,0.0,1.0,0.0,1.0,1.0,15.0,1.0,0.0,0.0,0.0,0.0,0.0
2026-06-11-series-context-v1,2023-24,42300123,2024-04-26,1610612749,MIL,1610612754,IND,0,3.0,0.0,1.0,1.0,0.0,0.0,0.0,0.0,0.0,-1.0,-17.0,1.0,1.0,0.0,1.0,1.0,0.0
2026-06-11-series-context-v1,2023-24,42300124,2024-04-28,1610612749,MIL,1610612754,IND,0,4.0,-1.0,1.0,2.0,0.0,0.0,0.0,1.0,0.0,-1.0,-3.0,1.0,2.0,0.0,1.0,1.0,0.0
2026-06-11-series-context-v1,2023-24,42300125,2024-04-30,1610612749,MIL,1610612754,IND,1,5.0,-2.0,1.0,3.0,1.0,0.0,1.0,1.0,0.0,-1.0,-13.0,0.0,3.0,0.0,1.0,1.0,0.0
2026-06-11-series-context-v1,2023-24,42300126,2024-05-02,1610612749,MIL,1610612754,IND,0,6.0,-1.0,2.0,3.0,1.0,0.0,0.0,1.0,0.0,1.0,23.0,1.0,2.0,0.0,1.0,1.0,0.0
2026-06-11-series-context-v1,2023-24,42300231,2024-05-04,1610612743,DEN,1610612750,MIN,0,1.0,0.0,0.0,0.0,0.0,0.0,1.0,0.0,0.0,0.0,0.0,0.0,0.0,0.0,0.0,0.0,0.0
2026-06-11-series-context-v1,2023-24,42300232,2024-05-06,1610612743,DEN,1610612750,MIN,0,2.0,-1.0,0.0,1.0,0.0,0.0,1.0,1.0,0.0,-1.0,-7.0,0.0,1.0,0.0,1.0,1.0,0.0
2026-06-11-series-context-v1,2023-24,42300233,2024-05-10,1610612743,DEN,1610612750,MIN,1,3.0,-2.0,0.0,2.0,0.0,0.0,0.0,1.0,0.0,-1.0,-26.0,0.0,2.0,0.0,2.0,2.0,0.0
2026-06-11-series-context-v1,2023-24,42300234,2024-05-12,1610612743,DEN,1610612750,MIN,1,4.0,-1.0,1.0,2.0,0.0,0.0,0.0,1.0,0.0,1.0,27.0,1.0,2.0,1.0,2.0,2.0,1.0
2026-06-11-series-context-v1,2023-24,42300235,2024-05-14,1610612743,DEN,1610612750,MIN,1,5.0,0.0,2.0,2.0,0.0,0.0,1.0,0.0,0.0,1.0,8.0,2.0,1.0,2.0,2.0,2.0,2.0
2026-06-11-series-context-v1,2023-24,42300236,2024-05-16,1610612743,DEN,1610612750,MIN,0,6.0,1.0,3.0,2.0,0.0,1.0,0.0,0.0,1.0,1.0,15.0,3.0,0.0,2.0,2.0,2.0,2.0
2026-06-11-series-context-v1,2023-24,42300237,2024-05-19,1610612743,DEN,1610612750,MIN,0,7.0,0.0,3.0,3.0,1.0,1.0,1.0,0.0,0.0,-1.0,-45.0,2.0,1.0,2.0,2.0,2.0,2.0
2026-06-11-series-context-v1,2023-24,42300211,2024-05-06,1610612752,NYK,1610612754,IND,1,1.0,0.0,0.0,0.0,0.0,0.0,1.0,0.0,0.0,0.0,0.0,0.0,0.0,0.0,0.0,0.0,0.0
2026-06-11-series-context-v1,2023-24,42300212,2024-05-08,1610612752,NYK,1610612754,IND,1,2.0,1.0,1.0,0.0,0.0,0.0,1.0,0.0,1.0,1.0,4.0,1.0,0.0,0.0,0.0,0.0,0.0
2026-06-11-series-context-v1,2023-24,42300213,2024-05-10,1610612752,NYK,1610612754,IND,0,3.0,2.0,2.0,0.0,0.0,0.0,0.0,0.0,1.0,1.0,9.0,2.0,0.0,0.0,0.0,0.0,0.0
2026-06-11-series-context-v1,2023-24,42300214,2024-05-12,1610612752,NYK,1610612754,IND,0,4.0,1.0,2.0,1.0,0.0,0.0,0.0,0.0,1.0,-1.0,-5.0,2.0,1.0,0.0,0.0,0.0,0.0
2026-06-11-series-context-v1,2023-24,42300215,2024-05-14,1610612752,NYK,1610612754,IND,1,5.0,0.0,2.0,2.0,0.0,0.0,1.0,0.0,0.0,-1.0,-32.0,1.0,2.0,0.0,0.0,0.0,0.0
2026-06-11-series-context-v1,2023-24,42300216,2024-05-17,1610612752,NYK,1610612754,IND,0,6.0,1.0,3.0,2.0,0.0,1.0,0.0,0.0,1.0,1.0,30.0,1.0,2.0,0.0,0.0,0.0,0.0
2026-06-11-series-context-v1,2023-24,42300217,2024-05-19,1610612752,NYK,1610612754,IND,0,7.0,0.0,3.0,3.0,1.0,1.0,1.0,0.0,0.0,-1.0,-13.0,1.0,2.0,0.0,0.0,0.0,0.0
2026-06-11-series-context-v1,2023-24,42300201,2024-05-07,1610612738,BOS,1610612739,CLE,1,1.0,0.0,0.0,0.0,0.0,0.0,1.0,0.0,0.0,0.0,0.0,0.0,0.0,0.0,0.0,0.0,0.0
2026-06-11-series-context-v1,2023-24,42300202,2024-05-09,1610612738,BOS,1610612739,CLE,0,2.0,1.0,1.0,0.0,0.0,0.0,1.0,0.0,1.0,1.0,25.0,1.0,0.0,0.0,0.0,0.0,0.0
2026-06-11-series-context-v1,2023-24,42300203,2024-05-11,1610612738,BOS,1610612739,CLE,1,3.0,0.0,1.0,1.0,0.0,0.0,0.0,0.0,0.0,-1.0,-24.0,1.0,1.0,0.0,1.0,1.0,0.0
2026-06-11-series-context-v1,2023-24,42300204,2024-05-13,1610612738,BOS,1610612739,CLE,1,4.0,1.0,2.0,1.0,0.0,0.0,0.0,0.0,1.0,1.0,13.0,2.0,1.0,1.0,1.0,1.0,1.0
2026-06-11-series-context-v1,2023-24,42300205,2024-05-15,1610612738,BOS,1610612739,CLE,1,5.0,2.0,3.0,1.0,0.0,1.0,1.0,0.0,1.0,1.0,7.0,2.0,1.0,2.0,1.0,1.0,2.0
2026-06-11-series-context-v1,2023-24,42300221,2024-05-07,1610612742,DAL,1610612760,OKC,0,1.0,0.0,0.0,0.0,0.0,0.0,0.0,0.0,0.0,0.0,0.0,0.0,0.0,0.0,0.0,0.0,0.0
2026-06-11-series-context-v1,2023-24,42300222,2024-05-09,1610612742,DAL,1610612760,OKC,1,2.0,-1.0,0.0,1.0,0.0,0.0,0.0,1.0,0.0,-1.0,-22.0,0.0,1.0,0.0,0.0,0.0,0.0
2026-06-11-series-context-v1,2023-24,42300223,2024-05-11,1610612742,DAL,1610612760,OKC,1,3.0,0.0,1.0,1.0,0.0,0.0,1.0,0.0,0.0,1.0,9.0,1.0,1.0,1.0,0.0,0.0,1.0
2026-06-11-series-context-v1,2023-24,42300224,2024-05-13,1610612742,DAL,1610612760,OKC,0,4.0,1.0,2.0,1.0,0.0,0.0,1.0,0.0,1.0,1.0,4.0,2.0,1.0,1.0,0.0,0.0,1.0
2026-06-11-series-context-v1,2023-24,42300225,2024-05-15,1610612742,DAL,1610612760,OKC,1,5.0,0.0,2.0,2.0,0.0,0.0,0.0,0.0,0.0,-1.0,-4.0,2.0,1.0,1.0,1.0,1.0,1.0
2026-06-11-series-context-v1,2023-24,42300226,2024-05-18,1610612742,DAL,1610612760,OKC,1,6.0,1.0,3.0,2.0,0.0,1.0,1.0,0.0,1.0,1.0,12.0,2.0,1.0,2.0,1.0,1.0,2.0
2026-06-11-series-context-v1,2023-24,42300301,2024-05-21,1610612738,BOS,1610612754,IND,1,1.0,0.0,0.0,0.0,0.0,0.0,1.0,0.0,0.0,0.0,0.0,0.0,0.0,0.0,0.0,0.0,0.0
2026-06-11-series-context-v1,2023-24,42300302,2024-05-23,1610612738,BOS,1610612754,IND,1,2.0,1.0,1.0,0.0,0.0,0.0,1.0,0.0,1.0,1.0,5.0,1.0,0.0,0.0,0.0,0.0,0.0
2026-06-11-series-context-v1,2023-24,42300303,2024-05-25,1610612738,BOS,1610612754,IND,1,3.0,2.0,2.0,0.0,0.0,0.0,0.0,0.0,1.0,1.0,16.0,2.0,0.0,0.0,0.0,0.0,0.0
2026-06-11-series-context-v1,2023-24,42300304,2024-05-27,1610612738,BOS,1610612754,IND,1,4.0,3.0,3.0,0.0,0.0,1.0,0.0,0.0,1.0,1.0,3.0,3.0,0.0,1.0,0.0,0.0,1.0
2026-06-11-series-context-v1,2023-24,42300311,2024-05-22,1610612742,DAL,1610612750,MIN,1,1.0,0.0,0.0,0.0,0.0,0.0,0.0,0.0,0.0,0.0,0.0,0.0,0.0,0.0,0.0,0.0,0.0
2026-06-11-series-context-v1,2023-24,42300312,2024-05-24,1610612742,DAL,1610612750,MIN,1,2.0,1.0,1.0,0.0,0.0,0.0,0.0,0.0,1.0,1.0,3.0,1.0,0.0,1.0,0.0,0.0,1.0
2026-06-11-series-context-v1,2023-24,42300313,2024-05-26,1610612742,DAL,1610612750,MIN,1,3.0,2.0,2.0,0.0,0.0,0.0,1.0,0.0,1.0,1.0,1.0,2.0,0.0,2.0,0.0,0.0,2.0
2026-06-11-series-context-v1,2023-24,42300314,2024-05-28,1610612742,DAL,1610612750,MIN,0,4.0,3.0,3.0,0.0,0.0,1.0,1.0,0.0,1.0,1.0,9.0,3.0,0.0,2.0,0.0,0.0,2.0
2026-06-11-series-context-v1,2023-24,42300315,2024-05-30,1610612742,DAL,1610612750,MIN,1,5.0,2.0,3.0,1.0,0.0,1.0,0.0,0.0,1.0,-1.0,-5.0,2.0,1.0,2.0,1.0,1.0,2.0
2026-06-11-series-context-v1,2023-24,42300401,2024-06-06,1610612738,BOS,1610612742,DAL,1,1.0,0.0,0.0,0.0,0.0,0.0,1.0,0.0,0.0,0.0,0.0,0.0,0.0,0.0,0.0,0.0,0.0
2026-06-11-series-context-v1,2023-24,42300402,2024-06-09,1610612738,BOS,1610612742,DAL,1,2.0,1.0,1.0,0.0,0.0,0.0,1.0,0.0,1.0,1.0,18.0,1.0,0.0,0.0,0.0,0.0,0.0
2026-06-11-series-context-v1,2023-24,42300403,2024-06-12,1610612738,BOS,1610612742,DAL,1,3.0,2.0,2.0,0.0,0.0,0.0,0.0,0.0,1.0,1.0,7.0,2.0,0.0,0.0,0.0,0.0,0.0
2026-06-11-series-context-v1,2023-24,42300404,2024-06-14,1610612738,BOS,1610612742,DAL,0,4.0,3.0,3.0,0.0,0.0,1.0,0.0,0.0,1.0,1.0,7.0,3.0,0.0,1.0,0.0,0.0,1.0
2026-06-11-series-context-v1,2023-24,42300405,2024-06-17,1610612738,BOS,1610612742,DAL,1,5.0,2.0,3.0,1.0,0.0,1.0,1.0,0.0,1.0,-1.0,-38.0,2.0,1.0,1.0,0.0,0.0,1.0
2026-06-11-series-context-v1,2024-25,42400171,2025-04-19,1610612743,DEN,1610612746,LAC,1,1.0,0.0,0.0,0.0,0.0,0.0,1.0,0.0,0.0,0.0,0.0,0.0,0.0,0.0,0.0,0.0,0.0
2026-06-11-series-context-v1,2024-25,42400172,2025-04-21,1610612743,DEN,1610612746,LAC,0,2.0,1.0,1.0,0.0,0.0,0.0,1.0,0.0,1.0,1.0,2.0,1.0,0.0,0.0,0.0,0.0,0.0
2026-06-11-series-context-v1,2024-25,42400173,2025-04-24,1610612743,DEN,1610612746,LAC,0,3.0,0.0,1.0,1.0,0.0,0.0,0.0,0.0,0.0,-1.0,-3.0,1.0,1.0,0.0,1.0,1.0,0.0
2026-06-11-series-context-v1,2024-25,42400174,2025-04-26,1610612743,DEN,1610612746,LAC,1,4.0,-1.0,1.0,2.0,0.0,0.0,0.0,1.0,0.0,-1.0,-34.0,1.0,2.0,0.0,1.0,1.0,0.0
2026-06-11-series-context-v1,2024-25,42400175,2025-04-29,1610612743,DEN,1610612746,LAC,1,5.0,0.0,2.0,2.0,0.0,0.0,1.0,0.0,0.0,1.0,2.0,1.0,2.0,1.0,1.0,1.0,1.0
2026-06-11-series-context-v1,2024-25,42400176,2025-05-01,1610612743,DEN,1610612746,LAC,0,6.0,1.0,3.0,2.0,0.0,1.0,0.0,0.0,1.0,1.0,16.0,2.0,1.0,1.0,1.0,1.0,1.0
2026-06-11-series-context-v1,2024-25,42400177,2025-05-03,1610612743,DEN,1610612746,LAC,1,7.0,0.0,3.0,3.0,1.0,1.0,1.0,0.0,0.0,-1.0,-6.0,2.0,1.0,1.0,1.0,1.0,1.0
2026-06-11-series-context-v1,2024-25,42400131,2025-04-19,1610612749,MIL,1610612754,IND,0,1.0,0.0,0.0,0.0,0.0,0.0,0.0,0.0,0.0,0.0,0.0,0.0,0.0,0.0,0.0,0.0,0.0
2026-06-11-series-context-v1,2024-25,42400132,2025-04-22,1610612749,MIL,1610612754,IND,0,2.0,-1.0,0.0,1.0,0.0,0.0,0.0,1.0,0.0,-1.0,-19.0,0.0,1.0,0.0,0.0,0.0,0.0
2026-06-11-series-context-v1,2024-25,42400133,2025-04-25,1610612749,MIL,1610612754,IND,1,3.0,-2.0,0.0,2.0,0.0,0.0,1.0,1.0,0.0,-1.0,-8.0,0.0,2.0,0.0,0.0,0.0,0.0
2026-06-11-series-context-v1,2024-25,42400134,2025-04-27,1610612749,MIL,1610612754,IND,0,4.0,-1.0,1.0,2.0,0.0,0.0,1.0,1.0,0.0,1.0,16.0,1.0,2.0,0.0,0.0,0.0,0.0
2026-06-11-series-context-v1,2024-25,42400135,2025-04-29,1610612749,MIL,1610612754,IND,0,5.0,-2.0,1.0,3.0,1.0,0.0,0.0,1.0,0.0,-1.0,-26.0,1.0,2.0,0.0,1.0,1.0,0.0
2026-06-11-series-context-v1,2024-25,42400161,2025-04-19,1610612747,LAL,1610612750,MIN,0,1.0,0.0,0.0,0.0,0.0,0.0,1.0,0.0,0.0,0.0,0.0,0.0,0.0,0.0,0.0,0.0,0.0
2026-06-11-series-context-v1,2024-25,42400162,2025-04-22,1610612747,LAL,1610612750,MIN,1,2.0,-1.0,0.0,1.0,0.0,0.0,1.0,1.0,0.0,-1.0,-22.0,0.0,1.0,0.0,1.0,1.0,0.0
2026-06-11-series-context-v1,2024-25,42400163,2025-04-25,1610612747,LAL,1610612750,MIN,0,3.0,0.0,1.0,1.0,0.0,0.0,0.0,0.0,0.0,1.0,9.0,1.0,1.0,0.0,1.0,1.0,0.0
2026-06-11-series-context-v1,2024-25,42400164,2025-04-27,1610612747,LAL,1610612750,MIN,0,4.0,-1.0,1.0,2.0,0.0,0.0,0.0,1.0,0.0,-1.0,-12.0,1.0,2.0,0.0,1.0,1.0,0.0
2026-06-11-series-context-v1,2024-25,42400165,2025-04-30,1610612747,LAL,1610612750,MIN,0,5.0,-2.0,1.0,3.0,1.0,0.0,1.0,1.0,0.0,-1.0,-3.0,1.0,2.0,0.0,1.0,1.0,0.0
2026-06-11-series-context-v1,2024-25,42400121,2025-04-19,1610612752,NYK,1610612765,DET,1,1.0,0.0,0.0,0.0,0.0,0.0,1.0,0.0,0.0,0.0,0.0,0.0,0.0,0.0,0.0,0.0,0.0
2026-06-11-series-context-v1,2024-25,42400122,2025-04-21,1610612752,NYK,1610612765,DET,0,2.0,1.0,1.0,0.0,0.0,0.0,1.0,0.0,1.0,1.0,11.0,1.0,0.0,0.0,0.0,0.0,0.0
2026-06-11-series-context-v1,2024-25,42400123,2025-04-24,1610612752,NYK,1610612765,DET,1,3.0,0.0,1.0,1.0,0.0,0.0,0.0,0.0,0.0,-1.0,-6.0,1.0,1.0,0.0,1.0,1.0,0.0
2026-06-11-series-context-v1,2024-25,42400124,2025-04-27,1610612752,NYK,1610612765,DET,1,4.0,1.0,2.0,1.0,0.0,0.0,0.0,0.0,1.0,1.0,2.0,2.0,1.0,1.0,1.0,1.0,1.0
2026-06-11-series-context-v1,2024-25,42400125,2025-04-29,1610612752,NYK,1610612765,DET,0,5.0,2.0,3.0,1.0,0.0,1.0,1.0,0.0,1.0,1.0,1.0,2.0,1.0,2.0,1.0,1.0,2.0
2026-06-11-series-context-v1,2024-25,42400126,2025-05-01,1610612752,NYK,1610612765,DET,1,6.0,1.0,3.0,2.0,0.0,1.0,0.0,0.0,1.0,-1.0,-3.0,2.0,1.0,2.0,2.0,2.0,2.0
2026-06-11-series-context-v1,2024-25,42400111,2025-04-20,1610612738,BOS,1610612753,ORL,1,1.0,0.0,0.0,0.0,0.0,0.0,1.0,0.0,0.0,0.0,0.0,0.0,0.0,0.0,0.0,0.0,0.0
2026-06-11-series-context-v1,2024-25,42400112,2025-04-23,1610612738,BOS,1610612753,ORL,1,2.0,1.0,1.0,0.0,0.0,0.0,1.0,0.0,1.0,1.0,17.0,1.0,0.0,0.0,0.0,0.0,0.0
2026-06-11-series-context-v1,2024-25,42400113,2025-04-25,1610612738,BOS,1610612753,ORL,0,3.0,2.0,2.0,0.0,0.0,0.0,0.0,0.0,1.0,1.0,9.0,2.0,0.0,0.0,0.0,0.0,0.0
2026-06-11-series-context-v1,2024-25,42400114,2025-04-27,1610612738,BOS,1610612753,ORL,1,4.0,1.0,2.0,1.0,0.0,0.0,0.0,0.0,1.0,-1.0,-2.0,2.0,1.0,0.0,0.0,0.0,0.0
2026-06-11-series-context-v1,2024-25,42400115,2025-04-29,1610612738,BOS,1610612753,ORL,1,5.0,2.0,3.0,1.0,0.0,1.0,1.0,0.0,1.0,1.0,9.0,2.0,1.0,1.0,0.0,0.0,1.0
2026-06-11-series-context-v1,2024-25,42400151,2025-04-20,1610612744,GSW,1610612745,HOU,1,1.0,0.0,0.0,0.0,0.0,0.0,0.0,0.0,0.0,0.0,0.0,0.0,0.0,0.0,0.0,0.0,0.0
2026-06-11-series-context-v1,2024-25,42400152,2025-04-23,1610612744,GSW,1610612745,HOU,0,2.0,1.0,1.0,0.0,0.0,0.0,0.0,0.0,1.0,1.0,10.0,1.0,0.0,1.0,0.0,0.0,1.0
2026-06-11-series-context-v1,2024-25,42400153,2025-04-26,1610612744,GSW,1610612745,HOU,1,3.0,0.0,1.0,1.0,0.0,0.0,1.0,0.0,0.0,-1.0,-15.0,1.0,1.0,1.0,0.0,0.0,1.0
2026-06-11-series-context-v1,2024-25,42400154,2025-04-28,1610612744,GSW,1610612745,HOU,1,4.0,1.0,2.0,1.0,0.0,0.0,1.0,0.0,1.0,1.0,11.0,2.0,1.0,1.0,0.0,0.0,1.0
2026-06-11-series-context-v1,2024-25,42400155,2025-04-30,1610612744,GSW,1610612745,HOU,0,5.0,2.0,3.0,1.0,0.0,1.0,0.0,0.0,1.0,1.0,3.0,2.0,1.0,1.0,0.0,0.0,1.0
2026-06-11-series-context-v1,2024-25,42400156,2025-05-02,1610612744,GSW,1610612745,HOU,0,6.0,1.0,3.0,2.0,0.0,1.0,1.0,0.0,1.0,-1.0,-15.0,2.0,1.0,1.0,0.0,0.0,1.0
2026-06-11-series-context-v1,2024-25,42400157,2025-05-04,1610612744,GSW,1610612745,HOU,1,7.0,0.0,3.0,3.0,1.0,1.0,0.0,0.0,0.0,-1.0,-8.0,1.0,2.0,1.0,1.0,1.0,1.0
2026-06-11-series-context-v1,2024-25,42400101,2025-04-20,1610612739,CLE,1610612748,MIA,1,1.0,0.0,0.0,0.0,0.0,0.0,1.0,0.0,0.0,0.0,0.0,0.0,0.0,0.0,0.0,0.0,0.0
2026-06-11-series-context-v1,2024-25,42400102,2025-04-23,1610612739,CLE,1610612748,MIA,1,2.0,1.0,1.0,0.0,0.0,0.0,1.0,0.0,1.0,1.0,21.0,1.0,0.0,0.0,0.0,0.0,0.0
2026-06-11-series-context-v1,2024-25,42400103,2025-04-26,1610612739,CLE,1610612748,MIA,1,3.0,2.0,2.0,0.0,0.0,0.0,0.0,0.0,1.0,1.0,9.0,2.0,0.0,0.0,0.0,0.0,0.0
2026-06-11-series-context-v1,2024-25,42400104,2025-04-28,1610612739,CLE,1610612748,MIA,1,4.0,3.0,3.0,0.0,0.0,1.0,0.0,0.0,1.0,1.0,37.0,3.0,0.0,1.0,0.0,0.0,1.0
2026-06-11-series-context-v1,2024-25,42400141,2025-04-20,1610612760,OKC,1610612763,MEM,1,1.0,0.0,0.0,0.0,0.0,0.0,1.0,0.0,0.0,0.0,0.0,0.0,0.0,0.0,0.0,0.0,0.0
2026-06-11-series-context-v1,2024-25,42400142,2025-04-22,1610612760,OKC,1610612763,MEM,1,2.0,1.0,1.0,0.0,0.0,0.0,1.0,0.0,1.0,1.0,51.0,1.0,0.0,0.0,0.0,0.0,0.0
2026-06-11-series-context-v1,2024-25,42400143,2025-04-24,1610612760,OKC,1610612763,MEM,1,3.0,2.0,2.0,0.0,0.0,0.0,0.0,0.0,1.0,1.0,19.0,2.0,0.0,0.0,0.0,0.0,0.0
2026-06-11-series-context-v1,2024-25,42400144,2025-04-26,1610612760,OKC,1610612763,MEM,1,4.0,3.0,3.0,0.0,0.0,1.0,0.0,0.0,1.0,1.0,6.0,3.0,0.0,1.0,0.0,0.0,1.0
2026-06-11-series-context-v1,2024-25,42400201,2025-05-04,1610612739,CLE,1610612754,IND,0,1.0,0.0,0.0,0.0,0.0,0.0,1.0,0.0,0.0,0.0,0.0,0.0,0.0,0.0,0.0,0.0,0.0
2026-06-11-series-context-v1,2024-25,42400202,2025-05-06,1610612739,CLE,1610612754,IND,0,2.0,-1.0,0.0,1.0,0.0,0.0,1.0,1.0,0.0,-1.0,-9.0,0.0,1.0,0.0,1.0,1.0,0.0
2026-06-11-series-context-v1,2024-25,42400203,2025-05-09,1610612739,CLE,1610612754,IND,1,3.0,-2.0,0.0,2.0,0.0,0.0,0.0,1.0,0.0,-1.0,-1.0,0.0,2.0,0.0,2.0,2.0,0.0
2026-06-11-series-context-v1,2024-25,42400204,2025-05-11,1610612739,CLE,1610612754,IND,0,4.0,-1.0,1.0,2.0,0.0,0.0,0.0,1.0,0.0,1.0,22.0,1.0,2.0,1.0,2.0,2.0,1.0
2026-06-11-series-context-v1,2024-25,42400205,2025-05-13,1610612739,CLE,1610612754,IND,0,5.0,-2.0,1.0,3.0,1.0,0.0,1.0,1.0,0.0,-1.0,-20.0,1.0,2.0,1.0,2.0,2.0,1.0
2026-06-11-series-context-v1,2024-25,42400211,2025-05-05,1610612738,BOS,1610612752,NYK,0,1.0,0.0,0.0,0.0,0.0,0.0,1.0,0.0,0.0,0.0,0.0,0.0,0.0,0.0,0.0,0.0,0.0
2026-06-11-series-context-v1,2024-25,42400212,2025-05-07,1610612738,BOS,1610612752,NYK,0,2.0,-1.0,0.0,1.0,0.0,0.0,1.0,1.0,0.0,-1.0,-3.0,0.0,1.0,0.0,1.0,1.0,0.0
2026-06-11-series-context-v1,2024-25,42400213,2025-05-10,1610612738,BOS,1610612752,NYK,1,3.0,-2.0,0.0,2.0,0.0,0.0,0.0,1.0,0.0,-1.0,-1.0,0.0,2.0,0.0,2.0,2.0,0.0
2026-06-11-series-context-v1,2024-25,42400214,2025-05-12,1610612738,BOS,1610612752,NYK,0,4.0,-1.0,1.0,2.0,0.0,0.0,0.0,1.0,0.0,1.0,22.0,1.0,2.0,1.0,2.0,2.0,1.0
2026-06-11-series-context-v1,2024-25,42400215,2025-05-14,1610612738,BOS,1610612752,NYK,1,5.0,-2.0,1.0,3.0,1.0,0.0,1.0,1.0,0.0,-1.0,-8.0,1.0,2.0,1.0,2.0,2.0,1.0
2026-06-11-series-context-v1,2024-25,42400216,2025-05-16,1610612738,BOS,1610612752,NYK,0,6.0,-1.0,2.0,3.0,1.0,0.0,0.0,1.0,0.0,1.0,25.0,2.0,1.0,1.0,2.0,2.0,1.0
2026-06-11-series-context-v1,2024-25,42400221,2025-05-05,1610612743,DEN,1610612760,OKC,1,1.0,0.0,0.0,0.0,0.0,0.0,0.0,0.0,0.0,0.0,0.0,0.0,0.0,0.0,0.0,0.0,0.0
2026-06-11-series-context-v1,2024-25,42400222,2025-05-07,1610612743,DEN,1610612760,OKC,0,2.0,1.0,1.0,0.0,0.0,0.0,0.0,0.0,1.0,1.0,2.0,1.0,0.0,1.0,0.0,0.0,1.0
2026-06-11-series-context-v1,2024-25,42400223,2025-05-09,1610612743,DEN,1610612760,OKC,1,3.0,0.0,1.0,1.0,0.0,0.0,1.0,0.0,0.0,-1.0,-43.0,1.0,1.0,1.0,0.0,0.0,1.0
2026-06-11-series-context-v1,2024-25,42400224,2025-05-11,1610612743,DEN,1610612760,OKC,0,4.0,1.0,2.0,1.0,0.0,0.0,1.0,0.0,1.0,1.0,9.0,2.0,1.0,1.0,0.0,0.0,1.0
2026-06-11-series-context-v1,2024-25,42400225,2025-05-13,1610612743,DEN,1610612760,OKC,0,5.0,0.0,2.0,2.0,0.0,0.0,0.0,0.0,0.0,-1.0,-5.0,1.0,2.0,1.0,1.0,1.0,1.0
2026-06-11-series-context-v1,2024-25,42400226,2025-05-15,1610612743,DEN,1610612760,OKC,1,6.0,-1.0,2.0,3.0,1.0,0.0,1.0,1.0,0.0,-1.0,-7.0,1.0,2.0,1.0,1.0,1.0,1.0
2026-06-11-series-context-v1,2024-25,42400227,2025-05-18,1610612743,DEN,1610612760,OKC,0,7.0,0.0,3.0,3.0,1.0,1.0,0.0,0.0,0.0,1.0,12.0,1.0,2.0,1.0,1.0,1.0,1.0
2026-06-11-series-context-v1,2024-25,42400231,2025-05-06,1610612744,GSW,1610612750,MIN,1,1.0,0.0,0.0,0.0,0.0,0.0,0.0,0.0,0.0,0.0,0.0,0.0,0.0,0.0,0.0,0.0,0.0
2026-06-11-series-context-v1,2024-25,42400232,2025-05-08,1610612744,GSW,1610612750,MIN,0,2.0,1.0,1.0,0.0,0.0,0.0,0.0,0.0,1.0,1.0,11.0,1.0,0.0,1.0,0.0,0.0,1.0
2026-06-11-series-context-v1,2024-25,42400233,2025-05-10,1610612744,GSW,1610612750,MIN,0,3.0,0.0,1.0,1.0,0.0,0.0,1.0,0.0,0.0,-1.0,-24.0,1.0,1.0,1.0,0.0,0.0,1.0
2026-06-11-series-context-v1,2024-25,42400234,2025-05-12,1610612744,GSW,1610612750,MIN,0,4.0,-1.0,1.0,2.0,0.0,0.0,1.0,1.0,0.0,-1.0,-5.0,1.0,2.0,1.0,1.0,1.0,1.0
2026-06-11-series-context-v1,2024-25,42400235,2025-05-14,1610612744,GSW,1610612750,MIN,0,5.0,-2.0,1.0,3.0,1.0,0.0,0.0,1.0,0.0,-1.0,-7.0,0.0,3.0,1.0,2.0,2.0,1.0
2026-06-11-series-context-v1,2024-25,42400311,2025-05-20,1610612750,MIN,1610612760,OKC,0,1.0,0.0,0.0,0.0,0.0,0.0,0.0,0.0,0.0,0.0,0.0,0.0,0.0,0.0,0.0,0.0,0.0
2026-06-11-series-context-v1,2024-25,42400312,2025-05-22,1610612750,MIN,1610612760,OKC,0,2.0,-1.0,0.0,1.0,0.0,0.0,0.0,1.0,0.0,-1.0,-26.0,0.0,1.0,0.0,0.0,0.0,0.0
2026-06-11-series-context-v1,2024-25,42400313,2025-05-24,1610612750,MIN,1610612760,OKC,1,3.0,-2.0,0.0,2.0,0.0,0.0,1.0,1.0,0.0,-1.0,-15.0,0.0,2.0,0.0,0.0,0.0,0.0
2026-06-11-series-context-v1,2024-25,42400314,2025-05-26,1610612750,MIN,1610612760,OKC,0,4.0,-1.0,1.0,2.0,0.0,0.0,1.0,1.0,0.0,1.0,42.0,1.0,2.0,0.0,0.0,0.0,0.0
2026-06-11-series-context-v1,2024-25,42400315,2025-05-28,1610612750,MIN,1610612760,OKC,0,5.0,-2.0,1.0,3.0,1.0,0.0,0.0,1.0,0.0,-1.0,-2.0,1.0,2.0,0.0,1.0,1.0,0.0
2026-06-11-series-context-v1,2024-25,42400301,2025-05-21,1610612752,NYK,1610612754,IND,0,1.0,0.0,0.0,0.0,0.0,0.0,1.0,0.0,0.0,0.0,0.0,0.0,0.0,0.0,0.0,0.0,0.0
2026-06-11-series-context-v1,2024-25,42400302,2025-05-23,1610612752,NYK,1610612754,IND,0,2.0,-1.0,0.0,1.0,0.0,0.0,1.0,1.0,0.0,-1.0,-3.0,0.0,1.0,0.0,1.0,1.0,0.0
2026-06-11-series-context-v1,2024-25,42400303,2025-05-25,1610612752,NYK,1610612754,IND,1,3.0,-2.0,0.0,2.0,0.0,0.0,0.0,1.0,0.0,-1.0,-5.0,0.0,2.0,0.0,2.0,2.0,0.0
2026-06-11-series-context-v1,2024-25,42400304,2025-05-27,1610612752,NYK,1610612754,IND,0,4.0,-1.0,1.0,2.0,0.0,0.0,0.0,1.0,0.0,1.0,6.0,1.0,2.0,1.0,2.0,2.0,1.0
2026-06-11-series-context-v1,2024-25,42400305,2025-05-29,1610612752,NYK,1610612754,IND,1,5.0,-2.0,1.0,3.0,1.0,0.0,1.0,1.0,0.0,-1.0,-9.0,1.0,2.0,1.0,2.0,2.0,1.0
2026-06-11-series-context-v1,2024-25,42400306,2025-05-31,1610612752,NYK,1610612754,IND,0,6.0,-1.0,2.0,3.0,1.0,0.0,0.0,1.0,0.0,1.0,17.0,2.0,1.0,1.0,2.0,2.0,1.0
2026-06-11-series-context-v1,2024-25,42400401,2025-06-05,1610612754,IND,1610612760,OKC,1,1.0,0.0,0.0,0.0,0.0,0.0,0.0,0.0,0.0,0.0,0.0,0.0,0.0,0.0,0.0,0.0,0.0
2026-06-11-series-context-v1,2024-25,42400402,2025-06-08,1610612754,IND,1610612760,OKC,0,2.0,1.0,1.0,0.0,0.0,0.0,0.0,0.0,1.0,1.0,1.0,1.0,0.0,1.0,0.0,0.0,1.0
2026-06-11-series-context-v1,2024-25,42400403,2025-06-11,1610612754,IND,1610612760,OKC,1,3.0,0.0,1.0,1.0,0.0,0.0,1.0,0.0,0.0,-1.0,-16.0,1.0,1.0,1.0,0.0,0.0,1.0
2026-06-11-series-context-v1,2024-25,42400404,2025-06-13,1610612754,IND,1610612760,OKC,0,4.0,1.0,2.0,1.0,0.0,0.0,1.0,0.0,1.0,1.0,9.0,2.0,1.0,1.0,0.0,0.0,1.0
2026-06-11-series-context-v1,2024-25,42400405,2025-06-16,1610612754,IND,1610612760,OKC,0,5.0,0.0,2.0,2.0,0.0,0.0,0.0,0.0,0.0,-1.0,-7.0,1.0,2.0,1.0,1.0,1.0,1.0
2026-06-11-series-context-v1,2024-25,42400406,2025-06-19,1610612754,IND,1610612760,OKC,1,6.0,-1.0,2.0,3.0,1.0,0.0,1.0,1.0,0.0,-1.0,-11.0,1.0,2.0,1.0,1.0,1.0,1.0
2026-06-11-series-context-v1,2024-25,42400407,2025-06-22,1610612754,IND,1610612760,OKC,0,7.0,0.0,3.0,3.0,1.0,1.0,0.0,0.0,0.0,1.0,17.0,1.0,2.0,1.0,1.0,1.0,1.0
